"","n0_a_bin","n0_j_bin","condition","decision","mortalityType","0-50","50-100","100-150","150-200"
"1","0-25","0-43.75",1,1,1,1,0,0,0
"2","0-25","0-43.75",1,1,2,1,0,0,0
"3","0-25","0-43.75",1,2,1,1,0,0,0
"4","0-25","0-43.75",1,2,2,1,0,0,0
"5","0-25","0-43.75",1,3,1,1,0,0,0
"6","0-25","0-43.75",1,3,2,1,0,0,0
"7","0-25","0-43.75",1,4,1,1,0,0,0
"8","0-25","0-43.75",1,4,2,1,0,0,0
"9","0-25","0-43.75",1,5,1,1,0,0,0
"10","0-25","0-43.75",1,5,2,1,0,0,0
"11","0-25","0-43.75",1,6,1,1,0,0,0
"12","0-25","0-43.75",1,6,2,1,0,0,0
"13","0-25","0-43.75",1,7,1,1,0,0,0
"14","0-25","0-43.75",1,7,2,1,0,0,0
"15","0-25","0-43.75",2,1,1,1,0,0,0
"16","0-25","0-43.75",2,1,2,1,0,0,0
"17","0-25","0-43.75",2,2,1,1,0,0,0
"18","0-25","0-43.75",2,2,2,1,0,0,0
"19","0-25","0-43.75",2,3,1,1,0,0,0
"20","0-25","0-43.75",2,3,2,1,0,0,0
"21","0-25","0-43.75",2,4,1,1,0,0,0
"22","0-25","0-43.75",2,4,2,1,0,0,0
"23","0-25","0-43.75",2,5,1,1,0,0,0
"24","0-25","0-43.75",2,5,2,1,0,0,0
"25","0-25","0-43.75",2,6,1,1,0,0,0
"26","0-25","0-43.75",2,6,2,1,0,0,0
"27","0-25","0-43.75",2,7,1,1,0,0,0
"28","0-25","0-43.75",2,7,2,1,0,0,0
"29","0-25","0-43.75",3,1,1,0.988571428571429,0.0114285714285714,0,0
"30","0-25","0-43.75",3,1,2,0.99,0.01,0,0
"31","0-25","0-43.75",3,2,1,0.989795918367347,0.0102040816326531,0,0
"32","0-25","0-43.75",3,2,2,0.986033519553073,0.0139664804469274,0,0
"33","0-25","0-43.75",3,3,1,0.995238095238095,0.00476190476190476,0,0
"34","0-25","0-43.75",3,3,2,0.991573033707865,0.00842696629213483,0,0
"35","0-25","0-43.75",3,4,1,0.997191011235955,0.00280898876404494,0,0
"36","0-25","0-43.75",3,4,2,0.99171270718232,0.00828729281767956,0,0
"37","0-25","0-43.75",3,5,1,1,0,0,0
"38","0-25","0-43.75",3,5,2,0.981958762886598,0.0180412371134021,0,0
"39","0-25","0-43.75",3,6,1,1,0,0,0
"40","0-25","0-43.75",3,6,2,0.994778067885117,0.00522193211488251,0,0
"41","0-25","0-43.75",3,7,1,0.994459833795014,0.00554016620498615,0,0
"42","0-25","0-43.75",3,7,2,0.9975,0.0025,0,0
"43","0-25","43.75-87.5",1,1,1,1,0,0,0
"44","0-25","43.75-87.5",1,1,2,1,0,0,0
"45","0-25","43.75-87.5",1,2,1,1,0,0,0
"46","0-25","43.75-87.5",1,2,2,1,0,0,0
"47","0-25","43.75-87.5",1,3,1,1,0,0,0
"48","0-25","43.75-87.5",1,3,2,1,0,0,0
"49","0-25","43.75-87.5",1,4,1,1,0,0,0
"50","0-25","43.75-87.5",1,4,2,1,0,0,0
"51","0-25","43.75-87.5",1,5,1,1,0,0,0
"52","0-25","43.75-87.5",1,5,2,1,0,0,0
"53","0-25","43.75-87.5",1,6,1,1,0,0,0
"54","0-25","43.75-87.5",1,6,2,1,0,0,0
"55","0-25","43.75-87.5",1,7,1,1,0,0,0
"56","0-25","43.75-87.5",1,7,2,1,0,0,0
"57","0-25","43.75-87.5",2,1,1,1,0,0,0
"58","0-25","43.75-87.5",2,1,2,1,0,0,0
"59","0-25","43.75-87.5",2,2,1,1,0,0,0
"60","0-25","43.75-87.5",2,2,2,1,0,0,0
"61","0-25","43.75-87.5",2,3,1,1,0,0,0
"62","0-25","43.75-87.5",2,3,2,1,0,0,0
"63","0-25","43.75-87.5",2,4,1,1,0,0,0
"64","0-25","43.75-87.5",2,4,2,1,0,0,0
"65","0-25","43.75-87.5",2,5,1,1,0,0,0
"66","0-25","43.75-87.5",2,5,2,1,0,0,0
"67","0-25","43.75-87.5",2,6,1,1,0,0,0
"68","0-25","43.75-87.5",2,6,2,1,0,0,0
"69","0-25","43.75-87.5",2,7,1,1,0,0,0
"70","0-25","43.75-87.5",2,7,2,1,0,0,0
"71","0-25","43.75-87.5",3,1,1,0.99523241954708,0.00476758045292014,0,0
"72","0-25","43.75-87.5",3,1,2,0.993174061433447,0.0068259385665529,0,0
"73","0-25","43.75-87.5",3,2,1,0.987356321839081,0.0126436781609195,0,0
"74","0-25","43.75-87.5",3,2,2,0.996625421822272,0.00337457817772778,0,0
"75","0-25","43.75-87.5",3,3,1,0.993166287015945,0.00683371298405467,0,0
"76","0-25","43.75-87.5",3,3,2,0.993265993265993,0.00673400673400673,0,0
"77","0-25","43.75-87.5",3,4,1,0.995642701525055,0.00435729847494553,0,0
"78","0-25","43.75-87.5",3,4,2,0.993265993265993,0.00673400673400673,0,0
"79","0-25","43.75-87.5",3,5,1,0.998841251448436,0.00115874855156431,0,0
"80","0-25","43.75-87.5",3,5,2,0.987514188422247,0.0124858115777526,0,0
"81","0-25","43.75-87.5",3,6,1,1,0,0,0
"82","0-25","43.75-87.5",3,6,2,0.991425509110397,0.00857449088960343,0,0
"83","0-25","43.75-87.5",3,7,1,0.991614255765199,0.00838574423480084,0,0
"84","0-25","43.75-87.5",3,7,2,0.993158494868871,0.00684150513112885,0,0
"85","0-25","87.5-131.25",1,1,1,1,0,0,0
"86","0-25","87.5-131.25",1,1,2,1,0,0,0
"87","0-25","87.5-131.25",1,2,1,1,0,0,0
"88","0-25","87.5-131.25",1,2,2,1,0,0,0
"89","0-25","87.5-131.25",1,3,1,1,0,0,0
"90","0-25","87.5-131.25",1,3,2,1,0,0,0
"91","0-25","87.5-131.25",1,4,1,1,0,0,0
"92","0-25","87.5-131.25",1,4,2,1,0,0,0
"93","0-25","87.5-131.25",1,5,1,1,0,0,0
"94","0-25","87.5-131.25",1,5,2,1,0,0,0
"95","0-25","87.5-131.25",1,6,1,1,0,0,0
"96","0-25","87.5-131.25",1,6,2,1,0,0,0
"97","0-25","87.5-131.25",1,7,1,1,0,0,0
"98","0-25","87.5-131.25",1,7,2,1,0,0,0
"99","0-25","87.5-131.25",2,1,1,1,0,0,0
"100","0-25","87.5-131.25",2,1,2,1,0,0,0
"101","0-25","87.5-131.25",2,2,1,1,0,0,0
"102","0-25","87.5-131.25",2,2,2,1,0,0,0
"103","0-25","87.5-131.25",2,3,1,1,0,0,0
"104","0-25","87.5-131.25",2,3,2,1,0,0,0
"105","0-25","87.5-131.25",2,4,1,1,0,0,0
"106","0-25","87.5-131.25",2,4,2,1,0,0,0
"107","0-25","87.5-131.25",2,5,1,1,0,0,0
"108","0-25","87.5-131.25",2,5,2,1,0,0,0
"109","0-25","87.5-131.25",2,6,1,1,0,0,0
"110","0-25","87.5-131.25",2,6,2,1,0,0,0
"111","0-25","87.5-131.25",2,7,1,1,0,0,0
"112","0-25","87.5-131.25",2,7,2,1,0,0,0
"113","0-25","87.5-131.25",3,1,1,0.990960451977401,0.00903954802259887,0,0
"114","0-25","87.5-131.25",3,1,2,0.99548532731377,0.00451467268623025,0,0
"115","0-25","87.5-131.25",3,2,1,0.988518943742824,0.0114810562571757,0,0
"116","0-25","87.5-131.25",3,2,2,0.993340732519423,0.00665926748057714,0,0
"117","0-25","87.5-131.25",3,3,1,0.995525727069351,0.00447427293064877,0,0
"118","0-25","87.5-131.25",3,3,2,0.990374331550802,0.00962566844919786,0,0
"119","0-25","87.5-131.25",3,4,1,0.997663551401869,0.00233644859813084,0,0
"120","0-25","87.5-131.25",3,4,2,0.994487320837927,0.00551267916207277,0,0
"121","0-25","87.5-131.25",3,5,1,0.99893730074389,0.00106269925611052,0,0
"122","0-25","87.5-131.25",3,5,2,0.993006993006993,0.00699300699300699,0,0
"123","0-25","87.5-131.25",3,6,1,1,0,0,0
"124","0-25","87.5-131.25",3,6,2,0.991898148148148,0.00810185185185185,0,0
"125","0-25","87.5-131.25",3,7,1,0.989864864864865,0.0101351351351351,0,0
"126","0-25","87.5-131.25",3,7,2,0.991208791208791,0.00879120879120879,0,0
"127","0-25","131.25-175",1,1,1,1,0,0,0
"128","0-25","131.25-175",1,1,2,1,0,0,0
"129","0-25","131.25-175",1,2,1,1,0,0,0
"130","0-25","131.25-175",1,2,2,1,0,0,0
"131","0-25","131.25-175",1,3,1,1,0,0,0
"132","0-25","131.25-175",1,3,2,1,0,0,0
"133","0-25","131.25-175",1,4,1,1,0,0,0
"134","0-25","131.25-175",1,4,2,1,0,0,0
"135","0-25","131.25-175",1,5,1,1,0,0,0
"136","0-25","131.25-175",1,5,2,1,0,0,0
"137","0-25","131.25-175",1,6,1,1,0,0,0
"138","0-25","131.25-175",1,6,2,1,0,0,0
"139","0-25","131.25-175",1,7,1,1,0,0,0
"140","0-25","131.25-175",1,7,2,1,0,0,0
"141","0-25","131.25-175",2,1,1,1,0,0,0
"142","0-25","131.25-175",2,1,2,1,0,0,0
"143","0-25","131.25-175",2,2,1,1,0,0,0
"144","0-25","131.25-175",2,2,2,1,0,0,0
"145","0-25","131.25-175",2,3,1,1,0,0,0
"146","0-25","131.25-175",2,3,2,1,0,0,0
"147","0-25","131.25-175",2,4,1,1,0,0,0
"148","0-25","131.25-175",2,4,2,1,0,0,0
"149","0-25","131.25-175",2,5,1,1,0,0,0
"150","0-25","131.25-175",2,5,2,1,0,0,0
"151","0-25","131.25-175",2,6,1,1,0,0,0
"152","0-25","131.25-175",2,6,2,1,0,0,0
"153","0-25","131.25-175",2,7,1,1,0,0,0
"154","0-25","131.25-175",2,7,2,1,0,0,0
"155","0-25","131.25-175",3,1,1,0.993158494868871,0.00684150513112885,0,0
"156","0-25","131.25-175",3,1,2,0.994246260069045,0.00575373993095512,0,0
"157","0-25","131.25-175",3,2,1,0.993079584775087,0.0069204152249135,0,0
"158","0-25","131.25-175",3,2,2,0.993235625704622,0.00676437429537768,0,0
"159","0-25","131.25-175",3,3,1,0.995475113122172,0.00452488687782805,0,0
"160","0-25","131.25-175",3,3,2,0.988518943742824,0.0114810562571757,0,0
"161","0-25","131.25-175",3,4,1,0.994450610432852,0.00554938956714761,0,0
"162","0-25","131.25-175",3,4,2,0.989461358313817,0.0105386416861827,0,0
"163","0-25","131.25-175",3,5,1,0.998845265588915,0.00115473441108545,0,0
"164","0-25","131.25-175",3,5,2,0.99179366940211,0.0082063305978898,0,0
"165","0-25","131.25-175",3,6,1,1,0,0,0
"166","0-25","131.25-175",3,6,2,0.987414187643021,0.0125858123569794,0,0
"167","0-25","131.25-175",3,7,1,0.9921875,0.0078125,0,0
"168","0-25","131.25-175",3,7,2,0.984251968503937,0.015748031496063,0,0
"169","25-50","0-43.75",1,1,1,1,0,0,0
"170","25-50","0-43.75",1,1,2,1,0,0,0
"171","25-50","0-43.75",1,2,1,0.997005988023952,0.0029940119760479,0,0
"172","25-50","0-43.75",1,2,2,1,0,0,0
"173","25-50","0-43.75",1,3,1,0.997275204359673,0.00272479564032698,0,0
"174","25-50","0-43.75",1,3,2,1,0,0,0
"175","25-50","0-43.75",1,4,1,0.997402597402597,0.0025974025974026,0,0
"176","25-50","0-43.75",1,4,2,1,0,0,0
"177","25-50","0-43.75",1,5,1,1,0,0,0
"178","25-50","0-43.75",1,5,2,1,0,0,0
"179","25-50","0-43.75",1,6,1,1,0,0,0
"180","25-50","0-43.75",1,6,2,0.997245179063361,0.00275482093663912,0,0
"181","25-50","0-43.75",1,7,1,0.997214484679666,0.00278551532033426,0,0
"182","25-50","0-43.75",1,7,2,0.997252747252747,0.00274725274725275,0,0
"183","25-50","0-43.75",2,1,1,0.981283422459893,0.018716577540107,0,0
"184","25-50","0-43.75",2,1,2,0.976377952755906,0.0236220472440945,0,0
"185","25-50","0-43.75",2,2,1,0.975741239892183,0.0242587601078167,0,0
"186","25-50","0-43.75",2,2,2,0.997150997150997,0.00284900284900285,0,0
"187","25-50","0-43.75",2,3,1,0.983827493261456,0.0161725067385445,0,0
"188","25-50","0-43.75",2,3,2,0.986666666666667,0.0133333333333333,0,0
"189","25-50","0-43.75",2,4,1,1,0,0,0
"190","25-50","0-43.75",2,4,2,0.976811594202899,0.0231884057971014,0,0
"191","25-50","0-43.75",2,5,1,0.997275204359673,0.00272479564032698,0,0
"192","25-50","0-43.75",2,5,2,0.986111111111111,0.0138888888888889,0,0
"193","25-50","0-43.75",2,6,1,1,0,0,0
"194","25-50","0-43.75",2,6,2,0.982233502538071,0.0177664974619289,0,0
"195","25-50","0-43.75",2,7,1,0.991202346041056,0.00879765395894428,0,0
"196","25-50","0-43.75",2,7,2,0.979827089337176,0.0201729106628242,0,0
"197","25-50","0-43.75",3,1,1,0.70694087403599,0.29305912596401,0,0
"198","25-50","0-43.75",3,1,2,0.684491978609626,0.315508021390374,0,0
"199","25-50","0-43.75",3,2,1,0.723943661971831,0.276056338028169,0,0
"200","25-50","0-43.75",3,2,2,0.70076726342711,0.29923273657289,0,0
"201","25-50","0-43.75",3,3,1,0.7,0.3,0,0
"202","25-50","0-43.75",3,3,2,0.709770114942529,0.290229885057471,0,0
"203","25-50","0-43.75",3,4,1,0.801724137931034,0.198275862068966,0,0
"204","25-50","0-43.75",3,4,2,0.696808510638298,0.303191489361702,0,0
"205","25-50","0-43.75",3,5,1,0.816,0.184,0,0
"206","25-50","0-43.75",3,5,2,0.7,0.3,0,0
"207","25-50","0-43.75",3,6,1,0.887096774193548,0.112903225806452,0,0
"208","25-50","0-43.75",3,6,2,0.706199460916442,0.293800539083558,0,0
"209","25-50","0-43.75",3,7,1,0.696696696696697,0.303303303303303,0,0
"210","25-50","0-43.75",3,7,2,0.69949494949495,0.30050505050505,0,0
"211","25-50","43.75-87.5",1,1,1,0.998849252013809,0.00115074798619102,0,0
"212","25-50","43.75-87.5",1,1,2,0.998834498834499,0.00116550116550117,0,0
"213","25-50","43.75-87.5",1,2,1,0.998790810157195,0.00120918984280532,0,0
"214","25-50","43.75-87.5",1,2,2,0.998834498834499,0.00116550116550117,0,0
"215","25-50","43.75-87.5",1,3,1,0.997624703087886,0.00237529691211401,0,0
"216","25-50","43.75-87.5",1,3,2,1,0,0,0
"217","25-50","43.75-87.5",1,4,1,1,0,0,0
"218","25-50","43.75-87.5",1,4,2,0.996462264150943,0.0035377358490566,0,0
"219","25-50","43.75-87.5",1,5,1,1,0,0,0
"220","25-50","43.75-87.5",1,5,2,0.997767857142857,0.00223214285714286,0,0
"221","25-50","43.75-87.5",1,6,1,1,0,0,0
"222","25-50","43.75-87.5",1,6,2,1,0,0,0
"223","25-50","43.75-87.5",1,7,1,0.997652582159624,0.00234741784037559,0,0
"224","25-50","43.75-87.5",1,7,2,1,0,0,0
"225","25-50","43.75-87.5",2,1,1,0.980140186915888,0.0198598130841121,0,0
"226","25-50","43.75-87.5",2,1,2,0.982618771726535,0.0173812282734647,0,0
"227","25-50","43.75-87.5",2,2,1,0.985260770975057,0.0147392290249433,0,0
"228","25-50","43.75-87.5",2,2,2,0.98019801980198,0.0198019801980198,0,0
"229","25-50","43.75-87.5",2,3,1,0.986471251409245,0.0135287485907554,0,0
"230","25-50","43.75-87.5",2,3,2,0.990521327014218,0.00947867298578199,0,0
"231","25-50","43.75-87.5",2,4,1,0.990312163616792,0.00968783638320775,0,0
"232","25-50","43.75-87.5",2,4,2,0.994272623138603,0.00572737686139748,0,0
"233","25-50","43.75-87.5",2,5,1,0.996495327102804,0.00350467289719626,0,0
"234","25-50","43.75-87.5",2,5,2,0.974388824214203,0.0256111757857974,0,0
"235","25-50","43.75-87.5",2,6,1,1,0,0,0
"236","25-50","43.75-87.5",2,6,2,0.982885085574572,0.0171149144254279,0,0
"237","25-50","43.75-87.5",2,7,1,0.980932203389831,0.0190677966101695,0,0
"238","25-50","43.75-87.5",2,7,2,0.98705501618123,0.0129449838187702,0,0
"239","25-50","43.75-87.5",3,1,1,0.716171617161716,0.283828382838284,0,0
"240","25-50","43.75-87.5",3,1,2,0.71413390010627,0.28586609989373,0,0
"241","25-50","43.75-87.5",3,2,1,0.683073229291717,0.316926770708283,0,0
"242","25-50","43.75-87.5",3,2,2,0.724022346368715,0.275977653631285,0,0
"243","25-50","43.75-87.5",3,3,1,0.710144927536232,0.289855072463768,0,0
"244","25-50","43.75-87.5",3,3,2,0.713936430317848,0.286063569682152,0,0
"245","25-50","43.75-87.5",3,4,1,0.788461538461538,0.211538461538462,0,0
"246","25-50","43.75-87.5",3,4,2,0.709483793517407,0.290516206482593,0,0
"247","25-50","43.75-87.5",3,5,1,0.823461091753775,0.176538908246225,0,0
"248","25-50","43.75-87.5",3,5,2,0.701675977653631,0.298324022346369,0,0
"249","25-50","43.75-87.5",3,6,1,0.894417475728155,0.105582524271845,0,0
"250","25-50","43.75-87.5",3,6,2,0.728525980911983,0.271474019088017,0,0
"251","25-50","43.75-87.5",3,7,1,0.70635838150289,0.29364161849711,0,0
"252","25-50","43.75-87.5",3,7,2,0.692825112107623,0.307174887892377,0,0
"253","25-50","87.5-131.25",1,1,1,0.993150684931507,0.00684931506849315,0,0
"254","25-50","87.5-131.25",1,1,2,0.998789346246973,0.00121065375302663,0,0
"255","25-50","87.5-131.25",1,2,1,0.996491228070175,0.00350877192982456,0,0
"256","25-50","87.5-131.25",1,2,2,0.996594778660613,0.00340522133938706,0,0
"257","25-50","87.5-131.25",1,3,1,1,0,0,0
"258","25-50","87.5-131.25",1,3,2,1,0,0,0
"259","25-50","87.5-131.25",1,4,1,0.997703788748565,0.00229621125143513,0,0
"260","25-50","87.5-131.25",1,4,2,0.993212669683258,0.00678733031674208,0,0
"261","25-50","87.5-131.25",1,5,1,1,0,0,0
"262","25-50","87.5-131.25",1,5,2,0.998877665544332,0.00112233445566779,0,0
"263","25-50","87.5-131.25",1,6,1,1,0,0,0
"264","25-50","87.5-131.25",1,6,2,0.997638724911452,0.00236127508854782,0,0
"265","25-50","87.5-131.25",1,7,1,0.998841251448436,0.00115874855156431,0,0
"266","25-50","87.5-131.25",1,7,2,0.996587030716723,0.00341296928327645,0,0
"267","25-50","87.5-131.25",2,1,1,0.982973893303065,0.0170261066969353,0,0
"268","25-50","87.5-131.25",2,1,2,0.984866123399301,0.0151338766006985,0,0
"269","25-50","87.5-131.25",2,2,1,0.98989898989899,0.0101010101010101,0,0
"270","25-50","87.5-131.25",2,2,2,0.983490566037736,0.0165094339622642,0,0
"271","25-50","87.5-131.25",2,3,1,0.98452380952381,0.0154761904761905,0,0
"272","25-50","87.5-131.25",2,3,2,0.983050847457627,0.0169491525423729,0,0
"273","25-50","87.5-131.25",2,4,1,0.996491228070175,0.00350877192982456,0,0
"274","25-50","87.5-131.25",2,4,2,0.986951364175564,0.0130486358244365,0,0
"275","25-50","87.5-131.25",2,5,1,0.99438202247191,0.00561797752808989,0,0
"276","25-50","87.5-131.25",2,5,2,0.982182628062361,0.0178173719376392,0,0
"277","25-50","87.5-131.25",2,6,1,0.995555555555556,0.00444444444444444,0,0
"278","25-50","87.5-131.25",2,6,2,0.991061452513966,0.00893854748603352,0,0
"279","25-50","87.5-131.25",2,7,1,0.986813186813187,0.0131868131868132,0,0
"280","25-50","87.5-131.25",2,7,2,0.97887323943662,0.0211267605633803,0,0
"281","25-50","87.5-131.25",3,1,1,0.704845814977974,0.295154185022026,0,0
"282","25-50","87.5-131.25",3,1,2,0.702734839476813,0.297265160523187,0,0
"283","25-50","87.5-131.25",3,2,1,0.702460850111857,0.297539149888143,0,0
"284","25-50","87.5-131.25",3,2,2,0.704826038159372,0.295173961840628,0,0
"285","25-50","87.5-131.25",3,3,1,0.707568807339449,0.29243119266055,0,0
"286","25-50","87.5-131.25",3,3,2,0.727168949771689,0.272831050228311,0,0
"287","25-50","87.5-131.25",3,4,1,0.762376237623762,0.237623762376238,0,0
"288","25-50","87.5-131.25",3,4,2,0.700902934537246,0.299097065462754,0,0
"289","25-50","87.5-131.25",3,5,1,0.859447004608295,0.140552995391705,0,0
"290","25-50","87.5-131.25",3,5,2,0.702762430939227,0.297237569060773,0,0
"291","25-50","87.5-131.25",3,6,1,0.903575297941495,0.0964247020585049,0,0
"292","25-50","87.5-131.25",3,6,2,0.703836930455635,0.296163069544364,0,0
"293","25-50","87.5-131.25",3,7,1,0.727578475336323,0.272421524663677,0,0
"294","25-50","87.5-131.25",3,7,2,0.704519119351101,0.295480880648899,0,0
"295","25-50","131.25-175",1,1,1,0.996407185628743,0.00359281437125748,0,0
"296","25-50","131.25-175",1,1,2,0.998798076923077,0.00120192307692308,0,0
"297","25-50","131.25-175",1,2,1,0.997674418604651,0.00232558139534884,0,0
"298","25-50","131.25-175",1,2,2,1,0,0,0
"299","25-50","131.25-175",1,3,1,0.995332555425904,0.00466744457409568,0,0
"300","25-50","131.25-175",1,3,2,0.998858447488584,0.00114155251141553,0,0
"301","25-50","131.25-175",1,4,1,1,0,0,0
"302","25-50","131.25-175",1,4,2,0.996428571428571,0.00357142857142857,0,0
"303","25-50","131.25-175",1,5,1,1,0,0,0
"304","25-50","131.25-175",1,5,2,0.99644128113879,0.00355871886120996,0,0
"305","25-50","131.25-175",1,6,1,1,0,0,0
"306","25-50","131.25-175",1,6,2,0.996629213483146,0.00337078651685393,0,0
"307","25-50","131.25-175",1,7,1,0.997633136094675,0.00236686390532544,0,0
"308","25-50","131.25-175",1,7,2,1,0,0,0
"309","25-50","131.25-175",2,1,1,0.984072810011377,0.0159271899886234,0,0
"310","25-50","131.25-175",2,1,2,0.986842105263158,0.0131578947368421,0,0
"311","25-50","131.25-175",2,2,1,0.989795918367347,0.0102040816326531,0,0
"312","25-50","131.25-175",2,2,2,0.984777517564403,0.0152224824355972,0,0
"313","25-50","131.25-175",2,3,1,0.985849056603774,0.0141509433962264,0,0
"314","25-50","131.25-175",2,3,2,0.976913730255164,0.023086269744836,0,0
"315","25-50","131.25-175",2,4,1,0.992957746478873,0.00704225352112676,0,0
"316","25-50","131.25-175",2,4,2,0.991504854368932,0.00849514563106796,0,0
"317","25-50","131.25-175",2,5,1,0.996677740863787,0.00332225913621262,0,0
"318","25-50","131.25-175",2,5,2,0.991990846681922,0.0080091533180778,0,0
"319","25-50","131.25-175",2,6,1,1,0,0,0
"320","25-50","131.25-175",2,6,2,0.980414746543779,0.0195852534562212,0,0
"321","25-50","131.25-175",2,7,1,0.984988452655889,0.0150115473441109,0,0
"322","25-50","131.25-175",2,7,2,0.978365384615385,0.0216346153846154,0,0
"323","25-50","131.25-175",3,1,1,0.727694090382387,0.272305909617613,0,0
"324","25-50","131.25-175",3,1,2,0.715437788018433,0.284562211981567,0,0
"325","25-50","131.25-175",3,2,1,0.712962962962963,0.287037037037037,0,0
"326","25-50","131.25-175",3,2,2,0.698394495412844,0.301605504587156,0,0
"327","25-50","131.25-175",3,3,1,0.727790432801822,0.272209567198178,0,0
"328","25-50","131.25-175",3,3,2,0.725925925925926,0.274074074074074,0,0
"329","25-50","131.25-175",3,4,1,0.795508274231678,0.204491725768322,0,0
"330","25-50","131.25-175",3,4,2,0.719169719169719,0.280830280830281,0,0
"331","25-50","131.25-175",3,5,1,0.841794569067296,0.158205430932704,0,0
"332","25-50","131.25-175",3,5,2,0.718457943925234,0.281542056074766,0,0
"333","25-50","131.25-175",3,6,1,0.901785714285714,0.0982142857142857,0,0
"334","25-50","131.25-175",3,6,2,0.733104238258877,0.266895761741123,0,0
"335","25-50","131.25-175",3,7,1,0.720800889877642,0.279199110122358,0,0
"336","25-50","131.25-175",3,7,2,0.708102108768035,0.291897891231964,0,0
"337","50-75","0-43.75",1,1,1,0.806094182825485,0.193905817174515,0,0
"338","50-75","0-43.75",1,1,2,0.800604229607251,0.199395770392749,0,0
"339","50-75","0-43.75",1,2,1,0.79940119760479,0.20059880239521,0,0
"340","50-75","0-43.75",1,2,2,0.80672268907563,0.19327731092437,0,0
"341","50-75","0-43.75",1,3,1,0.80106100795756,0.19893899204244,0,0
"342","50-75","0-43.75",1,3,2,0.779036827195467,0.220963172804533,0,0
"343","50-75","0-43.75",1,4,1,0.870229007633588,0.129770992366412,0,0
"344","50-75","0-43.75",1,4,2,0.783289817232376,0.216710182767624,0,0
"345","50-75","0-43.75",1,5,1,0.902077151335312,0.0979228486646884,0,0
"346","50-75","0-43.75",1,5,2,0.78894472361809,0.21105527638191,0,0
"347","50-75","0-43.75",1,6,1,0.961734693877551,0.038265306122449,0,0
"348","50-75","0-43.75",1,6,2,0.809917355371901,0.190082644628099,0,0
"349","50-75","0-43.75",1,7,1,0.791327913279133,0.208672086720867,0,0
"350","50-75","0-43.75",1,7,2,0.779661016949153,0.220338983050847,0,0
"351","50-75","0-43.75",2,1,1,0.640419947506562,0.359580052493438,0,0
"352","50-75","0-43.75",2,1,2,0.59,0.41,0,0
"353","50-75","0-43.75",2,2,1,0.637119113573407,0.362880886426593,0,0
"354","50-75","0-43.75",2,2,2,0.614730878186969,0.385269121813031,0,0
"355","50-75","0-43.75",2,3,1,0.636363636363636,0.363636363636364,0,0
"356","50-75","0-43.75",2,3,2,0.649171270718232,0.350828729281768,0,0
"357","50-75","0-43.75",2,4,1,0.727979274611399,0.272020725388601,0,0
"358","50-75","0-43.75",2,4,2,0.636856368563686,0.363143631436314,0,0
"359","50-75","0-43.75",2,5,1,0.817438692098093,0.182561307901907,0,0
"360","50-75","0-43.75",2,5,2,0.659883720930233,0.340116279069767,0,0
"361","50-75","0-43.75",2,6,1,0.875675675675676,0.124324324324324,0,0
"362","50-75","0-43.75",2,6,2,0.672774869109948,0.327225130890052,0,0
"363","50-75","0-43.75",2,7,1,0.636118598382749,0.363881401617251,0,0
"364","50-75","0-43.75",2,7,2,0.625,0.375,0,0
"365","50-75","0-43.75",3,1,1,0.184986595174263,0.815013404825737,0,0
"366","50-75","0-43.75",3,1,2,0.193548387096774,0.806451612903226,0,0
"367","50-75","0-43.75",3,2,1,0.185792349726776,0.814207650273224,0,0
"368","50-75","0-43.75",3,2,2,0.211111111111111,0.788888888888889,0,0
"369","50-75","0-43.75",3,3,1,0.213855421686747,0.786144578313253,0,0
"370","50-75","0-43.75",3,3,2,0.170483460559796,0.829516539440204,0,0
"371","50-75","0-43.75",3,4,1,0.22554347826087,0.77445652173913,0,0
"372","50-75","0-43.75",3,4,2,0.208762886597938,0.791237113402062,0,0
"373","50-75","0-43.75",3,5,1,0.368421052631579,0.631578947368421,0,0
"374","50-75","0-43.75",3,5,2,0.183908045977011,0.816091954022989,0,0
"375","50-75","0-43.75",3,6,1,0.412429378531073,0.587570621468927,0,0
"376","50-75","0-43.75",3,6,2,0.193384223918575,0.806615776081425,0,0
"377","50-75","0-43.75",3,7,1,0.215384615384615,0.784615384615385,0,0
"378","50-75","0-43.75",3,7,2,0.21680216802168,0.78319783197832,0,0
"379","50-75","43.75-87.5",1,1,1,0.797482837528604,0.202517162471396,0,0
"380","50-75","43.75-87.5",1,1,2,0.786529680365297,0.213470319634703,0,0
"381","50-75","43.75-87.5",1,2,1,0.812431842966194,0.187568157033806,0,0
"382","50-75","43.75-87.5",1,2,2,0.77765237020316,0.22234762979684,0,0
"383","50-75","43.75-87.5",1,3,1,0.772675086107922,0.227324913892078,0,0
"384","50-75","43.75-87.5",1,3,2,0.790722761596548,0.209277238403452,0,0
"385","50-75","43.75-87.5",1,4,1,0.867132867132867,0.132867132867133,0,0
"386","50-75","43.75-87.5",1,4,2,0.791850220264317,0.208149779735683,0,0
"387","50-75","43.75-87.5",1,5,1,0.933558558558559,0.0664414414414414,0,0
"388","50-75","43.75-87.5",1,5,2,0.804545454545455,0.195454545454545,0,0
"389","50-75","43.75-87.5",1,6,1,0.959232613908873,0.0407673860911271,0,0
"390","50-75","43.75-87.5",1,6,2,0.773628938156359,0.226371061843641,0,0
"391","50-75","43.75-87.5",1,7,1,0.761092150170648,0.238907849829352,0,0
"392","50-75","43.75-87.5",1,7,2,0.798396334478809,0.201603665521191,0,0
"393","50-75","43.75-87.5",2,1,1,0.61358574610245,0.38641425389755,0,0
"394","50-75","43.75-87.5",2,1,2,0.610129564193168,0.389870435806832,0,0
"395","50-75","43.75-87.5",2,2,1,0.62400906002265,0.37599093997735,0,0
"396","50-75","43.75-87.5",2,2,2,0.630331753554502,0.369668246445498,0,0
"397","50-75","43.75-87.5",2,3,1,0.641686182669789,0.358313817330211,0,0
"398","50-75","43.75-87.5",2,3,2,0.62363238512035,0.37636761487965,0,0
"399","50-75","43.75-87.5",2,4,1,0.716763005780347,0.283236994219653,0,0
"400","50-75","43.75-87.5",2,4,2,0.601423487544484,0.398576512455516,0,0
"401","50-75","43.75-87.5",2,5,1,0.813714285714286,0.186285714285714,0,0
"402","50-75","43.75-87.5",2,5,2,0.640462427745665,0.359537572254335,0,0
"403","50-75","43.75-87.5",2,6,1,0.894299287410926,0.105700712589074,0,0
"404","50-75","43.75-87.5",2,6,2,0.645422943221321,0.354577056778679,0,0
"405","50-75","43.75-87.5",2,7,1,0.62929061784897,0.37070938215103,0,0
"406","50-75","43.75-87.5",2,7,2,0.61405529953917,0.38594470046083,0,0
"407","50-75","43.75-87.5",3,1,1,0.179545454545455,0.820454545454545,0,0
"408","50-75","43.75-87.5",3,1,2,0.209988649262202,0.790011350737798,0,0
"409","50-75","43.75-87.5",3,2,1,0.187772925764192,0.812227074235808,0,0
"410","50-75","43.75-87.5",3,2,2,0.218642117376295,0.781357882623705,0,0
"411","50-75","43.75-87.5",3,3,1,0.188129899216125,0.811870100783875,0,0
"412","50-75","43.75-87.5",3,3,2,0.196629213483146,0.803370786516854,0,0
"413","50-75","43.75-87.5",3,4,1,0.273513513513513,0.726486486486487,0,0
"414","50-75","43.75-87.5",3,4,2,0.19501625135428,0.804983748645721,0,0
"415","50-75","43.75-87.5",3,5,1,0.341957255343082,0.658042744656918,0,0
"416","50-75","43.75-87.5",3,5,2,0.201041666666667,0.798958333333333,0,0
"417","50-75","43.75-87.5",3,6,1,0.478651685393258,0.521348314606742,0,0
"418","50-75","43.75-87.5",3,6,2,0.214285714285714,0.785714285714286,0,0
"419","50-75","43.75-87.5",3,7,1,0.198366394399067,0.801633605600933,0,0
"420","50-75","43.75-87.5",3,7,2,0.197072072072072,0.802927927927928,0,0
"421","50-75","87.5-131.25",1,1,1,0.778032036613272,0.221967963386728,0,0
"422","50-75","87.5-131.25",1,1,2,0.779445727482679,0.220554272517321,0,0
"423","50-75","87.5-131.25",1,2,1,0.788571428571429,0.211428571428571,0,0
"424","50-75","87.5-131.25",1,2,2,0.773399014778325,0.226600985221675,0,0
"425","50-75","87.5-131.25",1,3,1,0.773696682464455,0.226303317535545,0,0
"426","50-75","87.5-131.25",1,3,2,0.79133409350057,0.20866590649943,0,0
"427","50-75","87.5-131.25",1,4,1,0.869710467706013,0.130289532293987,0,0
"428","50-75","87.5-131.25",1,4,2,0.775320139697322,0.224679860302678,0,0
"429","50-75","87.5-131.25",1,5,1,0.928157589803013,0.0718424101969873,0,0
"430","50-75","87.5-131.25",1,5,2,0.783505154639175,0.216494845360825,0,0
"431","50-75","87.5-131.25",1,6,1,0.96969696969697,0.0303030303030303,0,0
"432","50-75","87.5-131.25",1,6,2,0.764354066985646,0.235645933014354,0,0
"433","50-75","87.5-131.25",1,7,1,0.787949015063731,0.212050984936269,0,0
"434","50-75","87.5-131.25",1,7,2,0.800653594771242,0.199346405228758,0,0
"435","50-75","87.5-131.25",2,1,1,0.6368843069874,0.3631156930126,0,0
"436","50-75","87.5-131.25",2,1,2,0.625146886016451,0.374853113983549,0,0
"437","50-75","87.5-131.25",2,2,1,0.618885096700796,0.381114903299204,0,0
"438","50-75","87.5-131.25",2,2,2,0.641083521444695,0.358916478555305,0,0
"439","50-75","87.5-131.25",2,3,1,0.620535714285714,0.379464285714286,0,0
"440","50-75","87.5-131.25",2,3,2,0.633213859020311,0.366786140979689,0,0
"441","50-75","87.5-131.25",2,4,1,0.731391585760518,0.268608414239482,0,0
"442","50-75","87.5-131.25",2,4,2,0.642857142857143,0.357142857142857,0,0
"443","50-75","87.5-131.25",2,5,1,0.8125,0.1875,0,0
"444","50-75","87.5-131.25",2,5,2,0.632098765432099,0.367901234567901,0,0
"445","50-75","87.5-131.25",2,6,1,0.891011235955056,0.108988764044944,0,0
"446","50-75","87.5-131.25",2,6,2,0.614219114219114,0.385780885780886,0,0
"447","50-75","87.5-131.25",2,7,1,0.627853881278539,0.372146118721461,0,0
"448","50-75","87.5-131.25",2,7,2,0.615825688073395,0.384174311926606,0,0
"449","50-75","87.5-131.25",3,1,1,0.213133640552995,0.786866359447005,0,0
"450","50-75","87.5-131.25",3,1,2,0.193946188340807,0.806053811659193,0,0
"451","50-75","87.5-131.25",3,2,1,0.204313280363224,0.795686719636776,0,0
"452","50-75","87.5-131.25",3,2,2,0.196261682242991,0.803738317757009,0,0
"453","50-75","87.5-131.25",3,3,1,0.188636363636364,0.811363636363636,0,0
"454","50-75","87.5-131.25",3,3,2,0.185798816568047,0.814201183431953,0,0
"455","50-75","87.5-131.25",3,4,1,0.283600493218249,0.716399506781751,0,0
"456","50-75","87.5-131.25",3,4,2,0.186440677966102,0.813559322033898,0,0
"457","50-75","87.5-131.25",3,5,1,0.365339578454333,0.634660421545667,0,0
"458","50-75","87.5-131.25",3,5,2,0.212328767123288,0.787671232876712,0,0
"459","50-75","87.5-131.25",3,6,1,0.444315545243619,0.555684454756381,0,0
"460","50-75","87.5-131.25",3,6,2,0.179761904761905,0.820238095238095,0,0
"461","50-75","87.5-131.25",3,7,1,0.214611872146119,0.785388127853881,0,0
"462","50-75","87.5-131.25",3,7,2,0.196251378169791,0.803748621830209,0,0
"463","50-75","131.25-175",1,1,1,0.797701149425287,0.202298850574713,0,0
"464","50-75","131.25-175",1,1,2,0.775308641975309,0.224691358024691,0,0
"465","50-75","131.25-175",1,2,1,0.799287410926366,0.200712589073634,0,0
"466","50-75","131.25-175",1,2,2,0.798288508557457,0.201711491442543,0,0
"467","50-75","131.25-175",1,3,1,0.799086757990868,0.200913242009132,0,0
"468","50-75","131.25-175",1,3,2,0.767001114827202,0.232998885172798,0,0
"469","50-75","131.25-175",1,4,1,0.853919239904988,0.146080760095012,0,0
"470","50-75","131.25-175",1,4,2,0.77725674091442,0.22274325908558,0,0
"471","50-75","131.25-175",1,5,1,0.922394678492239,0.0776053215077605,0,0
"472","50-75","131.25-175",1,5,2,0.795480225988701,0.204519774011299,0,0
"473","50-75","131.25-175",1,6,1,0.969976905311778,0.0300230946882217,0,0
"474","50-75","131.25-175",1,6,2,0.793269230769231,0.206730769230769,0,0
"475","50-75","131.25-175",1,7,1,0.792513368983957,0.207486631016043,0,0
"476","50-75","131.25-175",1,7,2,0.810285714285714,0.189714285714286,0,0
"477","50-75","131.25-175",2,1,1,0.617896009673519,0.382103990326481,0,0
"478","50-75","131.25-175",2,1,2,0.647208121827411,0.352791878172589,0,0
"479","50-75","131.25-175",2,2,1,0.654816513761468,0.345183486238532,0,0
"480","50-75","131.25-175",2,2,2,0.640382317801673,0.359617682198327,0,0
"481","50-75","131.25-175",2,3,1,0.625598086124402,0.374401913875598,0,0
"482","50-75","131.25-175",2,3,2,0.608988764044944,0.391011235955056,0,0
"483","50-75","131.25-175",2,4,1,0.717416378316032,0.282583621683968,0,0
"484","50-75","131.25-175",2,4,2,0.59344262295082,0.40655737704918,0,0
"485","50-75","131.25-175",2,5,1,0.832229580573951,0.167770419426049,0,0
"486","50-75","131.25-175",2,5,2,0.630184331797235,0.369815668202765,0,0
"487","50-75","131.25-175",2,6,1,0.88,0.12,0,0
"488","50-75","131.25-175",2,6,2,0.608646188850967,0.391353811149033,0,0
"489","50-75","131.25-175",2,7,1,0.619767441860465,0.380232558139535,0,0
"490","50-75","131.25-175",2,7,2,0.610771113831089,0.389228886168911,0,0
"491","50-75","131.25-175",3,1,1,0.205917159763314,0.794082840236686,0,0
"492","50-75","131.25-175",3,1,2,0.208791208791209,0.791208791208791,0,0
"493","50-75","131.25-175",3,2,1,0.226327944572748,0.773672055427252,0,0
"494","50-75","131.25-175",3,2,2,0.185869565217391,0.814130434782609,0,0
"495","50-75","131.25-175",3,3,1,0.191096634093377,0.808903365906623,0,0
"496","50-75","131.25-175",3,3,2,0.185714285714286,0.814285714285714,0,0
"497","50-75","131.25-175",3,4,1,0.260606060606061,0.739393939393939,0,0
"498","50-75","131.25-175",3,4,2,0.190243902439024,0.809756097560976,0,0
"499","50-75","131.25-175",3,5,1,0.382352941176471,0.617647058823529,0,0
"500","50-75","131.25-175",3,5,2,0.219954648526077,0.780045351473923,0,0
"501","50-75","131.25-175",3,6,1,0.478359908883827,0.521640091116173,0,0
"502","50-75","131.25-175",3,6,2,0.185053380782918,0.814946619217082,0,0
"503","50-75","131.25-175",3,7,1,0.188165680473373,0.811834319526627,0,0
"504","50-75","131.25-175",3,7,2,0.170212765957447,0.829787234042553,0,0
"505","75-100","0-43.75",1,1,1,0.184438040345821,0.815561959654179,0,0
"506","75-100","0-43.75",1,1,2,0.158333333333333,0.841666666666667,0,0
"507","75-100","0-43.75",1,2,1,0.167130919220056,0.832869080779944,0,0
"508","75-100","0-43.75",1,2,2,0.131367292225201,0.868632707774799,0,0
"509","75-100","0-43.75",1,3,1,0.160526315789474,0.839473684210526,0,0
"510","75-100","0-43.75",1,3,2,0.154545454545455,0.845454545454545,0,0
"511","75-100","0-43.75",1,4,1,0.227621483375959,0.772378516624041,0,0
"512","75-100","0-43.75",1,4,2,0.169971671388102,0.830028328611898,0,0
"513","75-100","0-43.75",1,5,1,0.386740331491713,0.613259668508287,0,0
"514","75-100","0-43.75",1,5,2,0.165242165242165,0.834757834757835,0,0
"515","75-100","0-43.75",1,6,1,0.535410764872521,0.464589235127479,0,0
"516","75-100","0-43.75",1,6,2,0.172972972972973,0.827027027027027,0,0
"517","75-100","0-43.75",1,7,1,0.185185185185185,0.814814814814815,0,0
"518","75-100","0-43.75",1,7,2,0.125925925925926,0.874074074074074,0,0
"519","75-100","0-43.75",2,1,1,0.108108108108108,0.891891891891892,0,0
"520","75-100","0-43.75",2,1,2,0.0758807588075881,0.924119241192412,0,0
"521","75-100","0-43.75",2,2,1,0.0860215053763441,0.913978494623656,0,0
"522","75-100","0-43.75",2,2,2,0.0708446866485014,0.929155313351499,0,0
"523","75-100","0-43.75",2,3,1,0.0727272727272727,0.927272727272727,0,0
"524","75-100","0-43.75",2,3,2,0.0732984293193717,0.926701570680628,0,0
"525","75-100","0-43.75",2,4,1,0.171348314606742,0.828651685393258,0,0
"526","75-100","0-43.75",2,4,2,0.0906666666666667,0.909333333333333,0,0
"527","75-100","0-43.75",2,5,1,0.261707988980716,0.738292011019284,0,0
"528","75-100","0-43.75",2,5,2,0.0871934604904632,0.912806539509537,0,0
"529","75-100","0-43.75",2,6,1,0.367875647668394,0.632124352331606,0,0
"530","75-100","0-43.75",2,6,2,0.0813953488372093,0.918604651162791,0,0
"531","75-100","0-43.75",2,7,1,0.0795454545454545,0.920454545454545,0,0
"532","75-100","0-43.75",2,7,2,0.0862533692722372,0.913746630727763,0,0
"533","75-100","0-43.75",3,1,1,0.00260416666666667,0.966145833333333,0.03125,0
"534","75-100","0-43.75",3,1,2,0.0028169014084507,0.957746478873239,0.0394366197183099,0
"535","75-100","0-43.75",3,2,1,0.00536193029490617,0.970509383378016,0.0241286863270777,0
"536","75-100","0-43.75",3,2,2,0.00301204819277108,0.960843373493976,0.036144578313253,0
"537","75-100","0-43.75",3,3,1,0.00574712643678161,0.948275862068966,0.0459770114942529,0
"538","75-100","0-43.75",3,3,2,0.00288184438040346,0.976945244956772,0.0201729106628242,0
"539","75-100","0-43.75",3,4,1,0.00828729281767956,0.980662983425414,0.0110497237569061,0
"540","75-100","0-43.75",3,4,2,0,0.962264150943396,0.0377358490566038,0
"541","75-100","0-43.75",3,5,1,0.0217983651226158,0.978201634877384,0,0
"542","75-100","0-43.75",3,5,2,0,0.956410256410256,0.0435897435897436,0
"543","75-100","0-43.75",3,6,1,0.0668604651162791,0.933139534883721,0,0
"544","75-100","0-43.75",3,6,2,0,0.969359331476323,0.0306406685236769,0
"545","75-100","0-43.75",3,7,1,0.0028169014084507,0.957746478873239,0.0394366197183099,0
"546","75-100","0-43.75",3,7,2,0,0.969151670951157,0.0308483290488432,0
"547","75-100","43.75-87.5",1,1,1,0.17545871559633,0.82454128440367,0,0
"548","75-100","43.75-87.5",1,1,2,0.159036144578313,0.840963855421687,0,0
"549","75-100","43.75-87.5",1,2,1,0.171856978085352,0.828143021914648,0,0
"550","75-100","43.75-87.5",1,2,2,0.166289592760181,0.833710407239819,0,0
"551","75-100","43.75-87.5",1,3,1,0.14605418138987,0.85394581861013,0,0
"552","75-100","43.75-87.5",1,3,2,0.144675925925926,0.855324074074074,0,0
"553","75-100","43.75-87.5",1,4,1,0.289687137891078,0.710312862108922,0,0
"554","75-100","43.75-87.5",1,4,2,0.152249134948097,0.847750865051903,0,0
"555","75-100","43.75-87.5",1,5,1,0.394526795895097,0.605473204104903,0,0
"556","75-100","43.75-87.5",1,5,2,0.164936562860438,0.835063437139562,0,0
"557","75-100","43.75-87.5",1,6,1,0.554147465437788,0.445852534562212,0,0
"558","75-100","43.75-87.5",1,6,2,0.177592371871275,0.822407628128725,0,0
"559","75-100","43.75-87.5",1,7,1,0.165853658536585,0.834146341463415,0,0
"560","75-100","43.75-87.5",1,7,2,0.173505275498241,0.826494724501759,0,0
"561","75-100","43.75-87.5",2,1,1,0.0929152148664344,0.907084785133566,0,0
"562","75-100","43.75-87.5",2,1,2,0.0839416058394161,0.916058394160584,0,0
"563","75-100","43.75-87.5",2,2,1,0.0833333333333333,0.916666666666667,0,0
"564","75-100","43.75-87.5",2,2,2,0.0777642770352369,0.922235722964763,0,0
"565","75-100","43.75-87.5",2,3,1,0.0958429561200924,0.904157043879908,0,0
"566","75-100","43.75-87.5",2,3,2,0.0844390832328106,0.915560916767189,0,0
"567","75-100","43.75-87.5",2,4,1,0.158139534883721,0.841860465116279,0,0
"568","75-100","43.75-87.5",2,4,2,0.0658198614318707,0.934180138568129,0,0
"569","75-100","43.75-87.5",2,5,1,0.249114521841795,0.750885478158205,0,0
"570","75-100","43.75-87.5",2,5,2,0.0688836104513064,0.931116389548694,0,0
"571","75-100","43.75-87.5",2,6,1,0.390184049079755,0.609815950920245,0,0
"572","75-100","43.75-87.5",2,6,2,0.0731707317073171,0.926829268292683,0,0
"573","75-100","43.75-87.5",2,7,1,0.0895522388059701,0.91044776119403,0,0
"574","75-100","43.75-87.5",2,7,2,0.0846501128668172,0.915349887133183,0,0
"575","75-100","43.75-87.5",3,1,1,0.00332594235033259,0.970066518847007,0.0266075388026608,0
"576","75-100","43.75-87.5",3,1,2,0,0.967901234567901,0.0320987654320988,0
"577","75-100","43.75-87.5",3,2,1,0.00229357798165138,0.966743119266055,0.0309633027522936,0
"578","75-100","43.75-87.5",3,2,2,0,0.969047619047619,0.030952380952381,0
"579","75-100","43.75-87.5",3,3,1,0,0.98,0.02,0
"580","75-100","43.75-87.5",3,3,2,0.00119331742243437,0.974940334128878,0.0238663484486874,0
"581","75-100","43.75-87.5",3,4,1,0.0180288461538462,0.975961538461538,0.00600961538461538,0
"582","75-100","43.75-87.5",3,4,2,0.00346820809248555,0.963005780346821,0.0335260115606936,0
"583","75-100","43.75-87.5",3,5,1,0.0276442307692308,0.971153846153846,0.00120192307692308,0
"584","75-100","43.75-87.5",3,5,2,0.00114285714285714,0.963428571428571,0.0354285714285714,0
"585","75-100","43.75-87.5",3,6,1,0.062870699881376,0.937129300118624,0,0
"586","75-100","43.75-87.5",3,6,2,0.00122249388753056,0.974327628361858,0.0244498777506112,0
"587","75-100","43.75-87.5",3,7,1,0.0050125313283208,0.972431077694236,0.0225563909774436,0
"588","75-100","43.75-87.5",3,7,2,0,0.967073170731707,0.0329268292682927,0
"589","75-100","87.5-131.25",1,1,1,0.128805620608899,0.871194379391101,0,0
"590","75-100","87.5-131.25",1,1,2,0.155151515151515,0.844848484848485,0,0
"591","75-100","87.5-131.25",1,2,1,0.154028436018957,0.845971563981043,0,0
"592","75-100","87.5-131.25",1,2,2,0.148632580261593,0.851367419738407,0,0
"593","75-100","87.5-131.25",1,3,1,0.180572851805729,0.819427148194272,0,0
"594","75-100","87.5-131.25",1,3,2,0.168098159509202,0.831901840490798,0,0
"595","75-100","87.5-131.25",1,4,1,0.25531914893617,0.74468085106383,0,0
"596","75-100","87.5-131.25",1,4,2,0.160095579450418,0.839904420549582,0,0
"597","75-100","87.5-131.25",1,5,1,0.397604790419162,0.602395209580838,0,0
"598","75-100","87.5-131.25",1,5,2,0.151308304891923,0.848691695108077,0,0
"599","75-100","87.5-131.25",1,6,1,0.552631578947368,0.447368421052632,0,0
"600","75-100","87.5-131.25",1,6,2,0.138533178114086,0.861466821885914,0,0
"601","75-100","87.5-131.25",1,7,1,0.155339805825243,0.844660194174757,0,0
"602","75-100","87.5-131.25",1,7,2,0.169642857142857,0.830357142857143,0,0
"603","75-100","87.5-131.25",2,1,1,0.0720620842572062,0.927937915742794,0,0
"604","75-100","87.5-131.25",2,1,2,0.0909090909090909,0.909090909090909,0,0
"605","75-100","87.5-131.25",2,2,1,0.0920177383592018,0.907982261640798,0,0
"606","75-100","87.5-131.25",2,2,2,0.100678733031674,0.899321266968326,0,0
"607","75-100","87.5-131.25",2,3,1,0.0876543209876543,0.912345679012346,0,0
"608","75-100","87.5-131.25",2,3,2,0.0746791131855309,0.925320886814469,0,0
"609","75-100","87.5-131.25",2,4,1,0.14735516372796,0.85264483627204,0,0
"610","75-100","87.5-131.25",2,4,2,0.094272076372315,0.905727923627685,0,0
"611","75-100","87.5-131.25",2,5,1,0.235223160434258,0.764776839565742,0,0
"612","75-100","87.5-131.25",2,5,2,0.0673913043478261,0.932608695652174,0,0
"613","75-100","87.5-131.25",2,6,1,0.377697841726619,0.622302158273381,0,0
"614","75-100","87.5-131.25",2,6,2,0.0877817319098458,0.912218268090154,0,0
"615","75-100","87.5-131.25",2,7,1,0.0874384236453202,0.91256157635468,0,0
"616","75-100","87.5-131.25",2,7,2,0.0896969696969697,0.91030303030303,0,0
"617","75-100","87.5-131.25",3,1,1,0.00355871886120996,0.95729537366548,0.0391459074733096,0
"618","75-100","87.5-131.25",3,1,2,0.00126582278481013,0.974683544303797,0.0240506329113924,0
"619","75-100","87.5-131.25",3,2,1,0.00119617224880383,0.980861244019139,0.0179425837320574,0
"620","75-100","87.5-131.25",3,2,2,0.00355450236966825,0.968009478672986,0.028436018957346,0
"621","75-100","87.5-131.25",3,3,1,0.00227531285551763,0.962457337883959,0.0352673492605233,0
"622","75-100","87.5-131.25",3,3,2,0,0.975084937712344,0.0249150622876557,0
"623","75-100","87.5-131.25",3,4,1,0.00731707317073171,0.981707317073171,0.0109756097560976,0
"624","75-100","87.5-131.25",3,4,2,0.00109409190371991,0.957330415754923,0.0415754923413567,0
"625","75-100","87.5-131.25",3,5,1,0.0303030303030303,0.967452300785634,0.00224466891133558,0
"626","75-100","87.5-131.25",3,5,2,0.00237529691211401,0.96437054631829,0.0332541567695962,0
"627","75-100","87.5-131.25",3,6,1,0.0514018691588785,0.947429906542056,0.00116822429906542,0
"628","75-100","87.5-131.25",3,6,2,0,0.964871194379391,0.0351288056206089,0
"629","75-100","87.5-131.25",3,7,1,0.0058411214953271,0.962616822429907,0.0315420560747664,0
"630","75-100","87.5-131.25",3,7,2,0.00359712230215827,0.967625899280576,0.0287769784172662,0
"631","75-100","131.25-175",1,1,1,0.144981412639405,0.855018587360595,0,0
"632","75-100","131.25-175",1,1,2,0.166073546856465,0.833926453143535,0,0
"633","75-100","131.25-175",1,2,1,0.151764705882353,0.848235294117647,0,0
"634","75-100","131.25-175",1,2,2,0.168632075471698,0.831367924528302,0,0
"635","75-100","131.25-175",1,3,1,0.152619589977221,0.847380410022779,0,0
"636","75-100","131.25-175",1,3,2,0.16164994425864,0.83835005574136,0,0
"637","75-100","131.25-175",1,4,1,0.226218097447796,0.773781902552204,0,0
"638","75-100","131.25-175",1,4,2,0.181818181818182,0.818181818181818,0,0
"639","75-100","131.25-175",1,5,1,0.396385542168675,0.603614457831325,0,0
"640","75-100","131.25-175",1,5,2,0.158620689655172,0.841379310344828,0,0
"641","75-100","131.25-175",1,6,1,0.547756041426927,0.452243958573072,0,0
"642","75-100","131.25-175",1,6,2,0.166868198307134,0.833131801692866,0,0
"643","75-100","131.25-175",1,7,1,0.162556053811659,0.837443946188341,0,0
"644","75-100","131.25-175",1,7,2,0.179640718562874,0.820359281437126,0,0
"645","75-100","131.25-175",2,1,1,0.072992700729927,0.927007299270073,0,0
"646","75-100","131.25-175",2,1,2,0.0808656036446469,0.919134396355353,0,0
"647","75-100","131.25-175",2,2,1,0.0853199498117942,0.914680050188206,0,0
"648","75-100","131.25-175",2,2,2,0.0960591133004926,0.903940886699507,0,0
"649","75-100","131.25-175",2,3,1,0.0835322195704057,0.916467780429594,0,0
"650","75-100","131.25-175",2,3,2,0.0965018094089264,0.903498190591074,0,0
"651","75-100","131.25-175",2,4,1,0.147482014388489,0.852517985611511,0,0
"652","75-100","131.25-175",2,4,2,0.0872817955112219,0.912718204488778,0,0
"653","75-100","131.25-175",2,5,1,0.255630630630631,0.744369369369369,0,0
"654","75-100","131.25-175",2,5,2,0.090293453724605,0.909706546275395,0,0
"655","75-100","131.25-175",2,6,1,0.359911406423034,0.640088593576966,0,0
"656","75-100","131.25-175",2,6,2,0.074370709382151,0.925629290617849,0,0
"657","75-100","131.25-175",2,7,1,0.0978934324659232,0.902106567534077,0,0
"658","75-100","131.25-175",2,7,2,0.100235849056604,0.899764150943396,0,0
"659","75-100","131.25-175",3,1,1,0.00118063754427391,0.962219598583235,0.0365997638724911,0
"660","75-100","131.25-175",3,1,2,0.00237247924080664,0.959667852906287,0.0379596678529063,0
"661","75-100","131.25-175",3,2,1,0.00233372228704784,0.964994165694282,0.0326721120186698,0
"662","75-100","131.25-175",3,2,2,0.00117785630153121,0.962308598351001,0.0365135453474676,0
"663","75-100","131.25-175",3,3,1,0.00473372781065089,0.964497041420118,0.0307692307692308,0
"664","75-100","131.25-175",3,3,2,0.00368098159509202,0.961963190184049,0.0343558282208589,0
"665","75-100","131.25-175",3,4,1,0.00825471698113208,0.981132075471698,0.0106132075471698,0
"666","75-100","131.25-175",3,4,2,0.00355871886120996,0.953736654804271,0.0427046263345196,0
"667","75-100","131.25-175",3,5,1,0.027511961722488,0.972488038277512,0,0
"668","75-100","131.25-175",3,5,2,0.00467289719626168,0.957943925233645,0.0373831775700935,0
"669","75-100","131.25-175",3,6,1,0.0465909090909091,0.953409090909091,0,0
"670","75-100","131.25-175",3,6,2,0.00323974082073434,0.966522678185745,0.0302375809935205,0
"671","75-100","131.25-175",3,7,1,0.00233372228704784,0.961493582263711,0.0361726954492415,0
"672","75-100","131.25-175",3,7,2,0.0036101083032491,0.969915764139591,0.02647412755716,0
