"","n0_j_bin","n0_y_bin","n0_a_bin","condition","decision","0-162.5","162.5-325","325-487.5","487.5-650"
"1","0-43.75","0-12.5","0-25",1,1,1,0,0,0
"2","0-43.75","0-12.5","0-25",1,2,1,0,0,0
"3","0-43.75","0-12.5","0-25",1,3,1,0,0,0
"4","0-43.75","0-12.5","0-25",1,4,1,0,0,0
"5","0-43.75","0-12.5","0-25",1,5,1,0,0,0
"6","0-43.75","0-12.5","0-25",1,6,1,0,0,0
"7","0-43.75","0-12.5","0-25",1,7,1,0,0,0
"8","0-43.75","0-12.5","0-25",2,1,1,0,0,0
"9","0-43.75","0-12.5","0-25",2,2,1,0,0,0
"10","0-43.75","0-12.5","0-25",2,3,1,0,0,0
"11","0-43.75","0-12.5","0-25",2,4,1,0,0,0
"12","0-43.75","0-12.5","0-25",2,5,1,0,0,0
"13","0-43.75","0-12.5","0-25",2,6,1,0,0,0
"14","0-43.75","0-12.5","0-25",2,7,1,0,0,0
"15","0-43.75","0-12.5","0-25",3,1,1,0,0,0
"16","0-43.75","0-12.5","0-25",3,2,1,0,0,0
"17","0-43.75","0-12.5","0-25",3,3,1,0,0,0
"18","0-43.75","0-12.5","0-25",3,4,1,0,0,0
"19","0-43.75","0-12.5","0-25",3,5,1,0,0,0
"20","0-43.75","0-12.5","0-25",3,6,1,0,0,0
"21","0-43.75","0-12.5","0-25",3,7,0.987341772151899,0.0126582278481013,0,0
"22","0-43.75","0-12.5","25-50",1,1,1,0,0,0
"23","0-43.75","0-12.5","25-50",1,2,1,0,0,0
"24","0-43.75","0-12.5","25-50",1,3,1,0,0,0
"25","0-43.75","0-12.5","25-50",1,4,1,0,0,0
"26","0-43.75","0-12.5","25-50",1,5,1,0,0,0
"27","0-43.75","0-12.5","25-50",1,6,1,0,0,0
"28","0-43.75","0-12.5","25-50",1,7,1,0,0,0
"29","0-43.75","0-12.5","25-50",2,1,1,0,0,0
"30","0-43.75","0-12.5","25-50",2,2,1,0,0,0
"31","0-43.75","0-12.5","25-50",2,3,1,0,0,0
"32","0-43.75","0-12.5","25-50",2,4,1,0,0,0
"33","0-43.75","0-12.5","25-50",2,5,1,0,0,0
"34","0-43.75","0-12.5","25-50",2,6,1,0,0,0
"35","0-43.75","0-12.5","25-50",2,7,1,0,0,0
"36","0-43.75","0-12.5","25-50",3,1,0.813186813186813,0.186813186813187,0,0
"37","0-43.75","0-12.5","25-50",3,2,0.744186046511628,0.255813953488372,0,0
"38","0-43.75","0-12.5","25-50",3,3,0.857142857142857,0.142857142857143,0,0
"39","0-43.75","0-12.5","25-50",3,4,0.79047619047619,0.20952380952381,0,0
"40","0-43.75","0-12.5","25-50",3,5,0.795918367346939,0.204081632653061,0,0
"41","0-43.75","0-12.5","25-50",3,6,0.718446601941748,0.281553398058252,0,0
"42","0-43.75","0-12.5","25-50",3,7,0.636363636363636,0.363636363636364,0,0
"43","0-43.75","0-12.5","50-75",1,1,1,0,0,0
"44","0-43.75","0-12.5","50-75",1,2,1,0,0,0
"45","0-43.75","0-12.5","50-75",1,3,1,0,0,0
"46","0-43.75","0-12.5","50-75",1,4,1,0,0,0
"47","0-43.75","0-12.5","50-75",1,5,1,0,0,0
"48","0-43.75","0-12.5","50-75",1,6,1,0,0,0
"49","0-43.75","0-12.5","50-75",1,7,1,0,0,0
"50","0-43.75","0-12.5","50-75",2,1,0.905982905982906,0.094017094017094,0,0
"51","0-43.75","0-12.5","50-75",2,2,1,0,0,0
"52","0-43.75","0-12.5","50-75",2,3,1,0,0,0
"53","0-43.75","0-12.5","50-75",2,4,0.964285714285714,0.0357142857142857,0,0
"54","0-43.75","0-12.5","50-75",2,5,0.966666666666667,0.0333333333333333,0,0
"55","0-43.75","0-12.5","50-75",2,6,1,0,0,0
"56","0-43.75","0-12.5","50-75",2,7,0.93,0.07,0,0
"57","0-43.75","0-12.5","50-75",3,1,0.103448275862069,0.896551724137931,0,0
"58","0-43.75","0-12.5","50-75",3,2,0.13953488372093,0.86046511627907,0,0
"59","0-43.75","0-12.5","50-75",3,3,0.158415841584158,0.841584158415842,0,0
"60","0-43.75","0-12.5","50-75",3,4,0.0352941176470588,0.964705882352941,0,0
"61","0-43.75","0-12.5","50-75",3,5,0.0824742268041237,0.917525773195876,0,0
"62","0-43.75","0-12.5","50-75",3,6,0.0454545454545455,0.954545454545455,0,0
"63","0-43.75","0-12.5","50-75",3,7,0.0111111111111111,0.988888888888889,0,0
"64","0-43.75","0-12.5","75-100",1,1,0.898876404494382,0.101123595505618,0,0
"65","0-43.75","0-12.5","75-100",1,2,0.975609756097561,0.024390243902439,0,0
"66","0-43.75","0-12.5","75-100",1,3,0.952941176470588,0.0470588235294118,0,0
"67","0-43.75","0-12.5","75-100",1,4,0.904761904761905,0.0952380952380952,0,0
"68","0-43.75","0-12.5","75-100",1,5,0.872549019607843,0.127450980392157,0,0
"69","0-43.75","0-12.5","75-100",1,6,0.797619047619048,0.202380952380952,0,0
"70","0-43.75","0-12.5","75-100",1,7,0.653846153846154,0.346153846153846,0,0
"71","0-43.75","0-12.5","75-100",2,1,0.282352941176471,0.717647058823529,0,0
"72","0-43.75","0-12.5","75-100",2,2,0.482352941176471,0.517647058823529,0,0
"73","0-43.75","0-12.5","75-100",2,3,0.626373626373626,0.373626373626374,0,0
"74","0-43.75","0-12.5","75-100",2,4,0.285714285714286,0.714285714285714,0,0
"75","0-43.75","0-12.5","75-100",2,5,0.381443298969072,0.618556701030928,0,0
"76","0-43.75","0-12.5","75-100",2,6,0.301075268817204,0.698924731182796,0,0
"77","0-43.75","0-12.5","75-100",2,7,0.168539325842697,0.831460674157303,0,0
"78","0-43.75","0-12.5","75-100",3,1,0,1,0,0
"79","0-43.75","0-12.5","75-100",3,2,0,0.990566037735849,0.00943396226415094,0
"80","0-43.75","0-12.5","75-100",3,3,0,1,0,0
"81","0-43.75","0-12.5","75-100",3,4,0,1,0,0
"82","0-43.75","0-12.5","75-100",3,5,0,1,0,0
"83","0-43.75","0-12.5","75-100",3,6,0,0.988372093023256,0.0116279069767442,0
"84","0-43.75","0-12.5","75-100",3,7,0,0.99009900990099,0.0099009900990099,0
"85","0-43.75","12.5-25","0-25",1,1,1,0,0,0
"86","0-43.75","12.5-25","0-25",1,2,1,0,0,0
"87","0-43.75","12.5-25","0-25",1,3,1,0,0,0
"88","0-43.75","12.5-25","0-25",1,4,1,0,0,0
"89","0-43.75","12.5-25","0-25",1,5,1,0,0,0
"90","0-43.75","12.5-25","0-25",1,6,1,0,0,0
"91","0-43.75","12.5-25","0-25",1,7,1,0,0,0
"92","0-43.75","12.5-25","0-25",2,1,1,0,0,0
"93","0-43.75","12.5-25","0-25",2,2,1,0,0,0
"94","0-43.75","12.5-25","0-25",2,3,1,0,0,0
"95","0-43.75","12.5-25","0-25",2,4,1,0,0,0
"96","0-43.75","12.5-25","0-25",2,5,1,0,0,0
"97","0-43.75","12.5-25","0-25",2,6,1,0,0,0
"98","0-43.75","12.5-25","0-25",2,7,1,0,0,0
"99","0-43.75","12.5-25","0-25",3,1,0.978494623655914,0.021505376344086,0,0
"100","0-43.75","12.5-25","0-25",3,2,0.969072164948454,0.0309278350515464,0,0
"101","0-43.75","12.5-25","0-25",3,3,0.990990990990991,0.00900900900900901,0,0
"102","0-43.75","12.5-25","0-25",3,4,0.97979797979798,0.0202020202020202,0,0
"103","0-43.75","12.5-25","0-25",3,5,0.98876404494382,0.0112359550561798,0,0
"104","0-43.75","12.5-25","0-25",3,6,0.989130434782609,0.0108695652173913,0,0
"105","0-43.75","12.5-25","0-25",3,7,0.966666666666667,0.0333333333333333,0,0
"106","0-43.75","12.5-25","25-50",1,1,1,0,0,0
"107","0-43.75","12.5-25","25-50",1,2,1,0,0,0
"108","0-43.75","12.5-25","25-50",1,3,1,0,0,0
"109","0-43.75","12.5-25","25-50",1,4,1,0,0,0
"110","0-43.75","12.5-25","25-50",1,5,1,0,0,0
"111","0-43.75","12.5-25","25-50",1,6,1,0,0,0
"112","0-43.75","12.5-25","25-50",1,7,1,0,0,0
"113","0-43.75","12.5-25","25-50",2,1,1,0,0,0
"114","0-43.75","12.5-25","25-50",2,2,1,0,0,0
"115","0-43.75","12.5-25","25-50",2,3,1,0,0,0
"116","0-43.75","12.5-25","25-50",2,4,1,0,0,0
"117","0-43.75","12.5-25","25-50",2,5,1,0,0,0
"118","0-43.75","12.5-25","25-50",2,6,1,0,0,0
"119","0-43.75","12.5-25","25-50",2,7,1,0,0,0
"120","0-43.75","12.5-25","25-50",3,1,0.292929292929293,0.707070707070707,0,0
"121","0-43.75","12.5-25","25-50",3,2,0.397959183673469,0.602040816326531,0,0
"122","0-43.75","12.5-25","25-50",3,3,0.425287356321839,0.574712643678161,0,0
"123","0-43.75","12.5-25","25-50",3,4,0.415730337078652,0.584269662921348,0,0
"124","0-43.75","12.5-25","25-50",3,5,0.28735632183908,0.71264367816092,0,0
"125","0-43.75","12.5-25","25-50",3,6,0.318181818181818,0.681818181818182,0,0
"126","0-43.75","12.5-25","25-50",3,7,0.263565891472868,0.736434108527132,0,0
"127","0-43.75","12.5-25","50-75",1,1,1,0,0,0
"128","0-43.75","12.5-25","50-75",1,2,1,0,0,0
"129","0-43.75","12.5-25","50-75",1,3,1,0,0,0
"130","0-43.75","12.5-25","50-75",1,4,1,0,0,0
"131","0-43.75","12.5-25","50-75",1,5,1,0,0,0
"132","0-43.75","12.5-25","50-75",1,6,1,0,0,0
"133","0-43.75","12.5-25","50-75",1,7,0.989010989010989,0.010989010989011,0,0
"134","0-43.75","12.5-25","50-75",2,1,0.855769230769231,0.144230769230769,0,0
"135","0-43.75","12.5-25","50-75",2,2,0.913978494623656,0.0860215053763441,0,0
"136","0-43.75","12.5-25","50-75",2,3,0.978947368421053,0.0210526315789474,0,0
"137","0-43.75","12.5-25","50-75",2,4,0.880434782608696,0.119565217391304,0,0
"138","0-43.75","12.5-25","50-75",2,5,0.8625,0.1375,0,0
"139","0-43.75","12.5-25","50-75",2,6,0.936170212765957,0.0638297872340425,0,0
"140","0-43.75","12.5-25","50-75",2,7,0.795454545454545,0.204545454545455,0,0
"141","0-43.75","12.5-25","50-75",3,1,0,1,0,0
"142","0-43.75","12.5-25","50-75",3,2,0,1,0,0
"143","0-43.75","12.5-25","50-75",3,3,0,1,0,0
"144","0-43.75","12.5-25","50-75",3,4,0,1,0,0
"145","0-43.75","12.5-25","50-75",3,5,0,1,0,0
"146","0-43.75","12.5-25","50-75",3,6,0.029126213592233,0.970873786407767,0,0
"147","0-43.75","12.5-25","50-75",3,7,0,1,0,0
"148","0-43.75","12.5-25","75-100",1,1,0.771739130434783,0.228260869565217,0,0
"149","0-43.75","12.5-25","75-100",1,2,0.843137254901961,0.156862745098039,0,0
"150","0-43.75","12.5-25","75-100",1,3,0.927927927927928,0.0720720720720721,0,0
"151","0-43.75","12.5-25","75-100",1,4,0.738636363636364,0.261363636363636,0,0
"152","0-43.75","12.5-25","75-100",1,5,0.733333333333333,0.266666666666667,0,0
"153","0-43.75","12.5-25","75-100",1,6,0.759036144578313,0.240963855421687,0,0
"154","0-43.75","12.5-25","75-100",1,7,0.683673469387755,0.316326530612245,0,0
"155","0-43.75","12.5-25","75-100",2,1,0.117647058823529,0.882352941176471,0,0
"156","0-43.75","12.5-25","75-100",2,2,0.193548387096774,0.806451612903226,0,0
"157","0-43.75","12.5-25","75-100",2,3,0.454545454545455,0.545454545454545,0,0
"158","0-43.75","12.5-25","75-100",2,4,0.162162162162162,0.837837837837838,0,0
"159","0-43.75","12.5-25","75-100",2,5,0.159574468085106,0.840425531914894,0,0
"160","0-43.75","12.5-25","75-100",2,6,0.154639175257732,0.845360824742268,0,0
"161","0-43.75","12.5-25","75-100",2,7,0.0326086956521739,0.967391304347826,0,0
"162","0-43.75","12.5-25","75-100",3,1,0,0.972972972972973,0.027027027027027,0
"163","0-43.75","12.5-25","75-100",3,2,0,0.975903614457831,0.0240963855421687,0
"164","0-43.75","12.5-25","75-100",3,3,0,0.96875,0.03125,0
"165","0-43.75","12.5-25","75-100",3,4,0,0.906976744186046,0.0930232558139535,0
"166","0-43.75","12.5-25","75-100",3,5,0,0.989795918367347,0.0102040816326531,0
"167","0-43.75","12.5-25","75-100",3,6,0,0.968085106382979,0.0319148936170213,0
"168","0-43.75","12.5-25","75-100",3,7,0,0.877358490566038,0.122641509433962,0
"169","0-43.75","25-37.5","0-25",1,1,1,0,0,0
"170","0-43.75","25-37.5","0-25",1,2,1,0,0,0
"171","0-43.75","25-37.5","0-25",1,3,1,0,0,0
"172","0-43.75","25-37.5","0-25",1,4,1,0,0,0
"173","0-43.75","25-37.5","0-25",1,5,1,0,0,0
"174","0-43.75","25-37.5","0-25",1,6,1,0,0,0
"175","0-43.75","25-37.5","0-25",1,7,1,0,0,0
"176","0-43.75","25-37.5","0-25",2,1,1,0,0,0
"177","0-43.75","25-37.5","0-25",2,2,1,0,0,0
"178","0-43.75","25-37.5","0-25",2,3,1,0,0,0
"179","0-43.75","25-37.5","0-25",2,4,1,0,0,0
"180","0-43.75","25-37.5","0-25",2,5,1,0,0,0
"181","0-43.75","25-37.5","0-25",2,6,1,0,0,0
"182","0-43.75","25-37.5","0-25",2,7,1,0,0,0
"183","0-43.75","25-37.5","0-25",3,1,0.771739130434783,0.228260869565217,0,0
"184","0-43.75","25-37.5","0-25",3,2,0.755813953488372,0.244186046511628,0,0
"185","0-43.75","25-37.5","0-25",3,3,0.841463414634146,0.158536585365854,0,0
"186","0-43.75","25-37.5","0-25",3,4,0.855421686746988,0.144578313253012,0,0
"187","0-43.75","25-37.5","0-25",3,5,0.862068965517241,0.137931034482759,0,0
"188","0-43.75","25-37.5","0-25",3,6,0.785714285714286,0.214285714285714,0,0
"189","0-43.75","25-37.5","0-25",3,7,0.782178217821782,0.217821782178218,0,0
"190","0-43.75","25-37.5","25-50",1,1,1,0,0,0
"191","0-43.75","25-37.5","25-50",1,2,1,0,0,0
"192","0-43.75","25-37.5","25-50",1,3,1,0,0,0
"193","0-43.75","25-37.5","25-50",1,4,1,0,0,0
"194","0-43.75","25-37.5","25-50",1,5,1,0,0,0
"195","0-43.75","25-37.5","25-50",1,6,1,0,0,0
"196","0-43.75","25-37.5","25-50",1,7,1,0,0,0
"197","0-43.75","25-37.5","25-50",2,1,1,0,0,0
"198","0-43.75","25-37.5","25-50",2,2,1,0,0,0
"199","0-43.75","25-37.5","25-50",2,3,1,0,0,0
"200","0-43.75","25-37.5","25-50",2,4,1,0,0,0
"201","0-43.75","25-37.5","25-50",2,5,1,0,0,0
"202","0-43.75","25-37.5","25-50",2,6,1,0,0,0
"203","0-43.75","25-37.5","25-50",2,7,1,0,0,0
"204","0-43.75","25-37.5","25-50",3,1,0.0625,0.9375,0,0
"205","0-43.75","25-37.5","25-50",3,2,0.114583333333333,0.885416666666667,0,0
"206","0-43.75","25-37.5","25-50",3,3,0.181034482758621,0.818965517241379,0,0
"207","0-43.75","25-37.5","25-50",3,4,0.0543478260869565,0.945652173913043,0,0
"208","0-43.75","25-37.5","25-50",3,5,0.157303370786517,0.842696629213483,0,0
"209","0-43.75","25-37.5","25-50",3,6,0.0843373493975904,0.91566265060241,0,0
"210","0-43.75","25-37.5","25-50",3,7,0.0232558139534884,0.976744186046512,0,0
"211","0-43.75","25-37.5","50-75",1,1,0.987341772151899,0.0126582278481013,0,0
"212","0-43.75","25-37.5","50-75",1,2,1,0,0,0
"213","0-43.75","25-37.5","50-75",1,3,1,0,0,0
"214","0-43.75","25-37.5","50-75",1,4,1,0,0,0
"215","0-43.75","25-37.5","50-75",1,5,1,0,0,0
"216","0-43.75","25-37.5","50-75",1,6,1,0,0,0
"217","0-43.75","25-37.5","50-75",1,7,0.979591836734694,0.0204081632653061,0,0
"218","0-43.75","25-37.5","50-75",2,1,0.618421052631579,0.381578947368421,0,0
"219","0-43.75","25-37.5","50-75",2,2,0.815789473684211,0.184210526315789,0,0
"220","0-43.75","25-37.5","50-75",2,3,0.870588235294118,0.129411764705882,0,0
"221","0-43.75","25-37.5","50-75",2,4,0.706666666666667,0.293333333333333,0,0
"222","0-43.75","25-37.5","50-75",2,5,0.623529411764706,0.376470588235294,0,0
"223","0-43.75","25-37.5","50-75",2,6,0.656565656565657,0.343434343434343,0,0
"224","0-43.75","25-37.5","50-75",2,7,0.509259259259259,0.490740740740741,0,0
"225","0-43.75","25-37.5","50-75",3,1,0,1,0,0
"226","0-43.75","25-37.5","50-75",3,2,0,1,0,0
"227","0-43.75","25-37.5","50-75",3,3,0,1,0,0
"228","0-43.75","25-37.5","50-75",3,4,0,1,0,0
"229","0-43.75","25-37.5","50-75",3,5,0,1,0,0
"230","0-43.75","25-37.5","50-75",3,6,0,1,0,0
"231","0-43.75","25-37.5","50-75",3,7,0,0.980952380952381,0.019047619047619,0
"232","0-43.75","25-37.5","75-100",1,1,0.625,0.375,0,0
"233","0-43.75","25-37.5","75-100",1,2,0.804597701149425,0.195402298850575,0,0
"234","0-43.75","25-37.5","75-100",1,3,0.866666666666667,0.133333333333333,0,0
"235","0-43.75","25-37.5","75-100",1,4,0.6125,0.3875,0,0
"236","0-43.75","25-37.5","75-100",1,5,0.6625,0.3375,0,0
"237","0-43.75","25-37.5","75-100",1,6,0.602272727272727,0.397727272727273,0,0
"238","0-43.75","25-37.5","75-100",1,7,0.409638554216867,0.590361445783133,0,0
"239","0-43.75","25-37.5","75-100",2,1,0.0454545454545455,0.954545454545455,0,0
"240","0-43.75","25-37.5","75-100",2,2,0.131868131868132,0.868131868131868,0,0
"241","0-43.75","25-37.5","75-100",2,3,0.216867469879518,0.783132530120482,0,0
"242","0-43.75","25-37.5","75-100",2,4,0.021505376344086,0.978494623655914,0,0
"243","0-43.75","25-37.5","75-100",2,5,0.0309278350515464,0.969072164948454,0,0
"244","0-43.75","25-37.5","75-100",2,6,0.104761904761905,0.895238095238095,0,0
"245","0-43.75","25-37.5","75-100",2,7,0.0138888888888889,0.986111111111111,0,0
"246","0-43.75","25-37.5","75-100",3,1,0,0.75,0.25,0
"247","0-43.75","25-37.5","75-100",3,2,0,0.849462365591398,0.150537634408602,0
"248","0-43.75","25-37.5","75-100",3,3,0,0.908045977011494,0.0919540229885057,0
"249","0-43.75","25-37.5","75-100",3,4,0,0.67816091954023,0.32183908045977,0
"250","0-43.75","25-37.5","75-100",3,5,0,0.78494623655914,0.21505376344086,0
"251","0-43.75","25-37.5","75-100",3,6,0,0.82,0.18,0
"252","0-43.75","25-37.5","75-100",3,7,0,0.666666666666667,0.333333333333333,0
"253","0-43.75","37.5-50","0-25",1,1,1,0,0,0
"254","0-43.75","37.5-50","0-25",1,2,1,0,0,0
"255","0-43.75","37.5-50","0-25",1,3,1,0,0,0
"256","0-43.75","37.5-50","0-25",1,4,1,0,0,0
"257","0-43.75","37.5-50","0-25",1,5,1,0,0,0
"258","0-43.75","37.5-50","0-25",1,6,1,0,0,0
"259","0-43.75","37.5-50","0-25",1,7,1,0,0,0
"260","0-43.75","37.5-50","0-25",2,1,1,0,0,0
"261","0-43.75","37.5-50","0-25",2,2,1,0,0,0
"262","0-43.75","37.5-50","0-25",2,3,1,0,0,0
"263","0-43.75","37.5-50","0-25",2,4,1,0,0,0
"264","0-43.75","37.5-50","0-25",2,5,1,0,0,0
"265","0-43.75","37.5-50","0-25",2,6,1,0,0,0
"266","0-43.75","37.5-50","0-25",2,7,1,0,0,0
"267","0-43.75","37.5-50","0-25",3,1,0.436893203883495,0.563106796116505,0,0
"268","0-43.75","37.5-50","0-25",3,2,0.37037037037037,0.62962962962963,0,0
"269","0-43.75","37.5-50","0-25",3,3,0.471910112359551,0.528089887640449,0,0
"270","0-43.75","37.5-50","0-25",3,4,0.523809523809524,0.476190476190476,0,0
"271","0-43.75","37.5-50","0-25",3,5,0.527777777777778,0.472222222222222,0,0
"272","0-43.75","37.5-50","0-25",3,6,0.528735632183908,0.471264367816092,0,0
"273","0-43.75","37.5-50","0-25",3,7,0.348837209302326,0.651162790697674,0,0
"274","0-43.75","37.5-50","25-50",1,1,1,0,0,0
"275","0-43.75","37.5-50","25-50",1,2,1,0,0,0
"276","0-43.75","37.5-50","25-50",1,3,1,0,0,0
"277","0-43.75","37.5-50","25-50",1,4,1,0,0,0
"278","0-43.75","37.5-50","25-50",1,5,1,0,0,0
"279","0-43.75","37.5-50","25-50",1,6,1,0,0,0
"280","0-43.75","37.5-50","25-50",1,7,1,0,0,0
"281","0-43.75","37.5-50","25-50",2,1,1,0,0,0
"282","0-43.75","37.5-50","25-50",2,2,0.967741935483871,0.032258064516129,0,0
"283","0-43.75","37.5-50","25-50",2,3,1,0,0,0
"284","0-43.75","37.5-50","25-50",2,4,1,0,0,0
"285","0-43.75","37.5-50","25-50",2,5,0.98936170212766,0.0106382978723404,0,0
"286","0-43.75","37.5-50","25-50",2,6,1,0,0,0
"287","0-43.75","37.5-50","25-50",2,7,0.98780487804878,0.0121951219512195,0,0
"288","0-43.75","37.5-50","25-50",3,1,0,1,0,0
"289","0-43.75","37.5-50","25-50",3,2,0.01,0.99,0,0
"290","0-43.75","37.5-50","25-50",3,3,0.0229885057471264,0.977011494252874,0,0
"291","0-43.75","37.5-50","25-50",3,4,0.0133333333333333,0.986666666666667,0,0
"292","0-43.75","37.5-50","25-50",3,5,0,1,0,0
"293","0-43.75","37.5-50","25-50",3,6,0.0102040816326531,0.989795918367347,0,0
"294","0-43.75","37.5-50","25-50",3,7,0,1,0,0
"295","0-43.75","37.5-50","50-75",1,1,0.98989898989899,0.0101010101010101,0,0
"296","0-43.75","37.5-50","50-75",1,2,0.971153846153846,0.0288461538461538,0,0
"297","0-43.75","37.5-50","50-75",1,3,1,0,0,0
"298","0-43.75","37.5-50","50-75",1,4,0.988235294117647,0.0117647058823529,0,0
"299","0-43.75","37.5-50","50-75",1,5,0.989247311827957,0.010752688172043,0,0
"300","0-43.75","37.5-50","50-75",1,6,0.987951807228916,0.0120481927710843,0,0
"301","0-43.75","37.5-50","50-75",1,7,0.966292134831461,0.0337078651685393,0,0
"302","0-43.75","37.5-50","50-75",2,1,0.376470588235294,0.623529411764706,0,0
"303","0-43.75","37.5-50","50-75",2,2,0.577777777777778,0.422222222222222,0,0
"304","0-43.75","37.5-50","50-75",2,3,0.695652173913043,0.304347826086957,0,0
"305","0-43.75","37.5-50","50-75",2,4,0.586538461538462,0.413461538461538,0,0
"306","0-43.75","37.5-50","50-75",2,5,0.511904761904762,0.488095238095238,0,0
"307","0-43.75","37.5-50","50-75",2,6,0.462365591397849,0.537634408602151,0,0
"308","0-43.75","37.5-50","50-75",2,7,0.316326530612245,0.683673469387755,0,0
"309","0-43.75","37.5-50","50-75",3,1,0,0.97752808988764,0.0224719101123595,0
"310","0-43.75","37.5-50","50-75",3,2,0,0.976190476190476,0.0238095238095238,0
"311","0-43.75","37.5-50","50-75",3,3,0,0.98780487804878,0.0121951219512195,0
"312","0-43.75","37.5-50","50-75",3,4,0,0.989473684210526,0.0105263157894737,0
"313","0-43.75","37.5-50","50-75",3,5,0,0.970873786407767,0.029126213592233,0
"314","0-43.75","37.5-50","50-75",3,6,0,0.957446808510638,0.0425531914893617,0
"315","0-43.75","37.5-50","50-75",3,7,0,0.934065934065934,0.0659340659340659,0
"316","0-43.75","37.5-50","75-100",1,1,0.418367346938776,0.581632653061224,0,0
"317","0-43.75","37.5-50","75-100",1,2,0.58695652173913,0.41304347826087,0,0
"318","0-43.75","37.5-50","75-100",1,3,0.72,0.28,0,0
"319","0-43.75","37.5-50","75-100",1,4,0.461538461538462,0.538461538461538,0,0
"320","0-43.75","37.5-50","75-100",1,5,0.5375,0.4625,0,0
"321","0-43.75","37.5-50","75-100",1,6,0.4375,0.5625,0,0
"322","0-43.75","37.5-50","75-100",1,7,0.244186046511628,0.755813953488372,0,0
"323","0-43.75","37.5-50","75-100",2,1,0.0116279069767442,0.988372093023256,0,0
"324","0-43.75","37.5-50","75-100",2,2,0.06,0.94,0,0
"325","0-43.75","37.5-50","75-100",2,3,0.0344827586206897,0.96551724137931,0,0
"326","0-43.75","37.5-50","75-100",2,4,0,1,0,0
"327","0-43.75","37.5-50","75-100",2,5,0,1,0,0
"328","0-43.75","37.5-50","75-100",2,6,0.0217391304347826,0.978260869565217,0,0
"329","0-43.75","37.5-50","75-100",2,7,0.0112359550561798,0.98876404494382,0,0
"330","0-43.75","37.5-50","75-100",3,1,0,0.414893617021277,0.585106382978723,0
"331","0-43.75","37.5-50","75-100",3,2,0,0.541666666666667,0.458333333333333,0
"332","0-43.75","37.5-50","75-100",3,3,0,0.74390243902439,0.25609756097561,0
"333","0-43.75","37.5-50","75-100",3,4,0,0.526881720430108,0.473118279569892,0
"334","0-43.75","37.5-50","75-100",3,5,0,0.548387096774194,0.451612903225806,0
"335","0-43.75","37.5-50","75-100",3,6,0,0.555555555555556,0.444444444444444,0
"336","0-43.75","37.5-50","75-100",3,7,0,0.264150943396226,0.735849056603774,0
"337","43.75-87.5","0-12.5","0-25",1,1,1,0,0,0
"338","43.75-87.5","0-12.5","0-25",1,2,1,0,0,0
"339","43.75-87.5","0-12.5","0-25",1,3,1,0,0,0
"340","43.75-87.5","0-12.5","0-25",1,4,1,0,0,0
"341","43.75-87.5","0-12.5","0-25",1,5,1,0,0,0
"342","43.75-87.5","0-12.5","0-25",1,6,1,0,0,0
"343","43.75-87.5","0-12.5","0-25",1,7,1,0,0,0
"344","43.75-87.5","0-12.5","0-25",2,1,1,0,0,0
"345","43.75-87.5","0-12.5","0-25",2,2,1,0,0,0
"346","43.75-87.5","0-12.5","0-25",2,3,1,0,0,0
"347","43.75-87.5","0-12.5","0-25",2,4,1,0,0,0
"348","43.75-87.5","0-12.5","0-25",2,5,1,0,0,0
"349","43.75-87.5","0-12.5","0-25",2,6,1,0,0,0
"350","43.75-87.5","0-12.5","0-25",2,7,1,0,0,0
"351","43.75-87.5","0-12.5","0-25",3,1,0.675213675213675,0.324786324786325,0,0
"352","43.75-87.5","0-12.5","0-25",3,2,0.748898678414097,0.251101321585903,0,0
"353","43.75-87.5","0-12.5","0-25",3,3,0.707317073170732,0.292682926829268,0,0
"354","43.75-87.5","0-12.5","0-25",3,4,0.795180722891566,0.204819277108434,0,0
"355","43.75-87.5","0-12.5","0-25",3,5,0.808035714285714,0.191964285714286,0,0
"356","43.75-87.5","0-12.5","0-25",3,6,0.782978723404255,0.217021276595745,0,0
"357","43.75-87.5","0-12.5","0-25",3,7,0.755760368663594,0.244239631336406,0,0
"358","43.75-87.5","0-12.5","25-50",1,1,1,0,0,0
"359","43.75-87.5","0-12.5","25-50",1,2,1,0,0,0
"360","43.75-87.5","0-12.5","25-50",1,3,1,0,0,0
"361","43.75-87.5","0-12.5","25-50",1,4,1,0,0,0
"362","43.75-87.5","0-12.5","25-50",1,5,1,0,0,0
"363","43.75-87.5","0-12.5","25-50",1,6,1,0,0,0
"364","43.75-87.5","0-12.5","25-50",1,7,1,0,0,0
"365","43.75-87.5","0-12.5","25-50",2,1,1,0,0,0
"366","43.75-87.5","0-12.5","25-50",2,2,1,0,0,0
"367","43.75-87.5","0-12.5","25-50",2,3,1,0,0,0
"368","43.75-87.5","0-12.5","25-50",2,4,0.995391705069124,0.00460829493087558,0,0
"369","43.75-87.5","0-12.5","25-50",2,5,1,0,0,0
"370","43.75-87.5","0-12.5","25-50",2,6,1,0,0,0
"371","43.75-87.5","0-12.5","25-50",2,7,0.995575221238938,0.00442477876106195,0,0
"372","43.75-87.5","0-12.5","25-50",3,1,0.101851851851852,0.898148148148148,0,0
"373","43.75-87.5","0-12.5","25-50",3,2,0.12807881773399,0.87192118226601,0,0
"374","43.75-87.5","0-12.5","25-50",3,3,0.180094786729858,0.819905213270142,0,0
"375","43.75-87.5","0-12.5","25-50",3,4,0.116883116883117,0.883116883116883,0,0
"376","43.75-87.5","0-12.5","25-50",3,5,0.103286384976526,0.896713615023474,0,0
"377","43.75-87.5","0-12.5","25-50",3,6,0.144736842105263,0.855263157894737,0,0
"378","43.75-87.5","0-12.5","25-50",3,7,0.07981220657277,0.92018779342723,0,0
"379","43.75-87.5","0-12.5","50-75",1,1,1,0,0,0
"380","43.75-87.5","0-12.5","50-75",1,2,1,0,0,0
"381","43.75-87.5","0-12.5","50-75",1,3,1,0,0,0
"382","43.75-87.5","0-12.5","50-75",1,4,1,0,0,0
"383","43.75-87.5","0-12.5","50-75",1,5,0.995884773662551,0.00411522633744856,0,0
"384","43.75-87.5","0-12.5","50-75",1,6,1,0,0,0
"385","43.75-87.5","0-12.5","50-75",1,7,1,0,0,0
"386","43.75-87.5","0-12.5","50-75",2,1,0.793577981651376,0.206422018348624,0,0
"387","43.75-87.5","0-12.5","50-75",2,2,0.862385321100917,0.137614678899083,0,0
"388","43.75-87.5","0-12.5","50-75",2,3,0.915094339622642,0.0849056603773585,0,0
"389","43.75-87.5","0-12.5","50-75",2,4,0.815789473684211,0.184210526315789,0,0
"390","43.75-87.5","0-12.5","50-75",2,5,0.8,0.2,0,0
"391","43.75-87.5","0-12.5","50-75",2,6,0.775700934579439,0.224299065420561,0,0
"392","43.75-87.5","0-12.5","50-75",2,7,0.63963963963964,0.36036036036036,0,0
"393","43.75-87.5","0-12.5","50-75",3,1,0,0.977973568281938,0.0220264317180617,0
"394","43.75-87.5","0-12.5","50-75",3,2,0,1,0,0
"395","43.75-87.5","0-12.5","50-75",3,3,0,0.995495495495496,0.0045045045045045,0
"396","43.75-87.5","0-12.5","50-75",3,4,0,0.990338164251208,0.00966183574879227,0
"397","43.75-87.5","0-12.5","50-75",3,5,0,0.989690721649485,0.0103092783505155,0
"398","43.75-87.5","0-12.5","50-75",3,6,0,0.99537037037037,0.00462962962962963,0
"399","43.75-87.5","0-12.5","50-75",3,7,0,0.983673469387755,0.0163265306122449,0
"400","43.75-87.5","0-12.5","75-100",1,1,0.76056338028169,0.23943661971831,0,0
"401","43.75-87.5","0-12.5","75-100",1,2,0.885964912280702,0.114035087719298,0,0
"402","43.75-87.5","0-12.5","75-100",1,3,0.947115384615385,0.0528846153846154,0,0
"403","43.75-87.5","0-12.5","75-100",1,4,0.82648401826484,0.17351598173516,0,0
"404","43.75-87.5","0-12.5","75-100",1,5,0.753424657534247,0.246575342465753,0,0
"405","43.75-87.5","0-12.5","75-100",1,6,0.773755656108597,0.226244343891403,0,0
"406","43.75-87.5","0-12.5","75-100",1,7,0.643835616438356,0.356164383561644,0,0
"407","43.75-87.5","0-12.5","75-100",2,1,0.0909090909090909,0.909090909090909,0,0
"408","43.75-87.5","0-12.5","75-100",2,2,0.117647058823529,0.882352941176471,0,0
"409","43.75-87.5","0-12.5","75-100",2,3,0.351111111111111,0.648888888888889,0,0
"410","43.75-87.5","0-12.5","75-100",2,4,0.151832460732984,0.848167539267016,0,0
"411","43.75-87.5","0-12.5","75-100",2,5,0.0976744186046512,0.902325581395349,0,0
"412","43.75-87.5","0-12.5","75-100",2,6,0.0673076923076923,0.932692307692308,0,0
"413","43.75-87.5","0-12.5","75-100",2,7,0.0673076923076923,0.932692307692308,0,0
"414","43.75-87.5","0-12.5","75-100",3,1,0,0.633165829145729,0.366834170854271,0
"415","43.75-87.5","0-12.5","75-100",3,2,0,0.781818181818182,0.218181818181818,0
"416","43.75-87.5","0-12.5","75-100",3,3,0,0.84331797235023,0.15668202764977,0
"417","43.75-87.5","0-12.5","75-100",3,4,0,0.811320754716981,0.188679245283019,0
"418","43.75-87.5","0-12.5","75-100",3,5,0,0.748717948717949,0.251282051282051,0
"419","43.75-87.5","0-12.5","75-100",3,6,0,0.739130434782609,0.260869565217391,0
"420","43.75-87.5","0-12.5","75-100",3,7,0,0.585492227979275,0.414507772020725,0
"421","43.75-87.5","12.5-25","0-25",1,1,1,0,0,0
"422","43.75-87.5","12.5-25","0-25",1,2,1,0,0,0
"423","43.75-87.5","12.5-25","0-25",1,3,1,0,0,0
"424","43.75-87.5","12.5-25","0-25",1,4,1,0,0,0
"425","43.75-87.5","12.5-25","0-25",1,5,1,0,0,0
"426","43.75-87.5","12.5-25","0-25",1,6,1,0,0,0
"427","43.75-87.5","12.5-25","0-25",1,7,1,0,0,0
"428","43.75-87.5","12.5-25","0-25",2,1,1,0,0,0
"429","43.75-87.5","12.5-25","0-25",2,2,1,0,0,0
"430","43.75-87.5","12.5-25","0-25",2,3,1,0,0,0
"431","43.75-87.5","12.5-25","0-25",2,4,1,0,0,0
"432","43.75-87.5","12.5-25","0-25",2,5,1,0,0,0
"433","43.75-87.5","12.5-25","0-25",2,6,1,0,0,0
"434","43.75-87.5","12.5-25","0-25",2,7,1,0,0,0
"435","43.75-87.5","12.5-25","0-25",3,1,0.397540983606557,0.602459016393443,0,0
"436","43.75-87.5","12.5-25","0-25",3,2,0.43778801843318,0.56221198156682,0,0
"437","43.75-87.5","12.5-25","0-25",3,3,0.416666666666667,0.583333333333333,0,0
"438","43.75-87.5","12.5-25","0-25",3,4,0.443946188340807,0.556053811659193,0,0
"439","43.75-87.5","12.5-25","0-25",3,5,0.484162895927602,0.515837104072398,0,0
"440","43.75-87.5","12.5-25","0-25",3,6,0.440528634361233,0.559471365638767,0,0
"441","43.75-87.5","12.5-25","0-25",3,7,0.348739495798319,0.651260504201681,0,0
"442","43.75-87.5","12.5-25","25-50",1,1,1,0,0,0
"443","43.75-87.5","12.5-25","25-50",1,2,1,0,0,0
"444","43.75-87.5","12.5-25","25-50",1,3,1,0,0,0
"445","43.75-87.5","12.5-25","25-50",1,4,1,0,0,0
"446","43.75-87.5","12.5-25","25-50",1,5,1,0,0,0
"447","43.75-87.5","12.5-25","25-50",1,6,1,0,0,0
"448","43.75-87.5","12.5-25","25-50",1,7,1,0,0,0
"449","43.75-87.5","12.5-25","25-50",2,1,0.995762711864407,0.00423728813559322,0,0
"450","43.75-87.5","12.5-25","25-50",2,2,0.991803278688525,0.00819672131147541,0,0
"451","43.75-87.5","12.5-25","25-50",2,3,1,0,0,0
"452","43.75-87.5","12.5-25","25-50",2,4,1,0,0,0
"453","43.75-87.5","12.5-25","25-50",2,5,0.995762711864407,0.00423728813559322,0,0
"454","43.75-87.5","12.5-25","25-50",2,6,0.990740740740741,0.00925925925925926,0,0
"455","43.75-87.5","12.5-25","25-50",2,7,0.987068965517241,0.0129310344827586,0,0
"456","43.75-87.5","12.5-25","25-50",3,1,0.0136986301369863,0.986301369863014,0,0
"457","43.75-87.5","12.5-25","25-50",3,2,0.018957345971564,0.981042654028436,0,0
"458","43.75-87.5","12.5-25","25-50",3,3,0.0442477876106195,0.955752212389381,0,0
"459","43.75-87.5","12.5-25","25-50",3,4,0.024390243902439,0.975609756097561,0,0
"460","43.75-87.5","12.5-25","25-50",3,5,0.0241935483870968,0.975806451612903,0,0
"461","43.75-87.5","12.5-25","25-50",3,6,0.00956937799043062,0.990430622009569,0,0
"462","43.75-87.5","12.5-25","25-50",3,7,0.0137614678899083,0.986238532110092,0,0
"463","43.75-87.5","12.5-25","50-75",1,1,1,0,0,0
"464","43.75-87.5","12.5-25","50-75",1,2,0.995475113122172,0.00452488687782805,0,0
"465","43.75-87.5","12.5-25","50-75",1,3,1,0,0,0
"466","43.75-87.5","12.5-25","50-75",1,4,1,0,0,0
"467","43.75-87.5","12.5-25","50-75",1,5,0.995934959349594,0.0040650406504065,0,0
"468","43.75-87.5","12.5-25","50-75",1,6,1,0,0,0
"469","43.75-87.5","12.5-25","50-75",1,7,0.990783410138249,0.00921658986175115,0,0
"470","43.75-87.5","12.5-25","50-75",2,1,0.537444933920705,0.462555066079295,0,0
"471","43.75-87.5","12.5-25","50-75",2,2,0.637614678899083,0.362385321100917,0,0
"472","43.75-87.5","12.5-25","50-75",2,3,0.746478873239437,0.253521126760563,0,0
"473","43.75-87.5","12.5-25","50-75",2,4,0.606060606060606,0.393939393939394,0,0
"474","43.75-87.5","12.5-25","50-75",2,5,0.697560975609756,0.302439024390244,0,0
"475","43.75-87.5","12.5-25","50-75",2,6,0.653508771929825,0.346491228070175,0,0
"476","43.75-87.5","12.5-25","50-75",2,7,0.473214285714286,0.526785714285714,0,0
"477","43.75-87.5","12.5-25","50-75",3,1,0,0.930041152263374,0.0699588477366255,0
"478","43.75-87.5","12.5-25","50-75",3,2,0,0.969298245614035,0.0307017543859649,0
"479","43.75-87.5","12.5-25","50-75",3,3,0,0.955947136563877,0.0440528634361234,0
"480","43.75-87.5","12.5-25","50-75",3,4,0,0.931914893617021,0.0680851063829787,0
"481","43.75-87.5","12.5-25","50-75",3,5,0,0.933884297520661,0.0661157024793388,0
"482","43.75-87.5","12.5-25","50-75",3,6,0,0.921052631578947,0.0789473684210526,0
"483","43.75-87.5","12.5-25","50-75",3,7,0,0.834710743801653,0.165289256198347,0
"484","43.75-87.5","12.5-25","75-100",1,1,0.670940170940171,0.329059829059829,0,0
"485","43.75-87.5","12.5-25","75-100",1,2,0.812785388127854,0.187214611872146,0,0
"486","43.75-87.5","12.5-25","75-100",1,3,0.871287128712871,0.128712871287129,0,0
"487","43.75-87.5","12.5-25","75-100",1,4,0.652892561983471,0.347107438016529,0,0
"488","43.75-87.5","12.5-25","75-100",1,5,0.654708520179372,0.345291479820628,0,0
"489","43.75-87.5","12.5-25","75-100",1,6,0.656521739130435,0.343478260869565,0,0
"490","43.75-87.5","12.5-25","75-100",1,7,0.439655172413793,0.560344827586207,0,0
"491","43.75-87.5","12.5-25","75-100",2,1,0.029126213592233,0.970873786407767,0,0
"492","43.75-87.5","12.5-25","75-100",2,2,0.0533980582524272,0.946601941747573,0,0
"493","43.75-87.5","12.5-25","75-100",2,3,0.110132158590308,0.889867841409692,0,0
"494","43.75-87.5","12.5-25","75-100",2,4,0.0232558139534884,0.976744186046512,0,0
"495","43.75-87.5","12.5-25","75-100",2,5,0.023696682464455,0.976303317535545,0,0
"496","43.75-87.5","12.5-25","75-100",2,6,0.0276497695852535,0.972350230414747,0,0
"497","43.75-87.5","12.5-25","75-100",2,7,0.0166666666666667,0.983333333333333,0,0
"498","43.75-87.5","12.5-25","75-100",3,1,0,0.429824561403509,0.570175438596491,0
"499","43.75-87.5","12.5-25","75-100",3,2,0,0.582159624413146,0.417840375586854,0
"500","43.75-87.5","12.5-25","75-100",3,3,0,0.591304347826087,0.408695652173913,0
"501","43.75-87.5","12.5-25","75-100",3,4,0,0.482758620689655,0.517241379310345,0
"502","43.75-87.5","12.5-25","75-100",3,5,0,0.497652582159624,0.502347417840376,0
"503","43.75-87.5","12.5-25","75-100",3,6,0,0.442148760330579,0.557851239669422,0
"504","43.75-87.5","12.5-25","75-100",3,7,0,0.306306306306306,0.693693693693694,0
"505","43.75-87.5","25-37.5","0-25",1,1,1,0,0,0
"506","43.75-87.5","25-37.5","0-25",1,2,1,0,0,0
"507","43.75-87.5","25-37.5","0-25",1,3,1,0,0,0
"508","43.75-87.5","25-37.5","0-25",1,4,1,0,0,0
"509","43.75-87.5","25-37.5","0-25",1,5,1,0,0,0
"510","43.75-87.5","25-37.5","0-25",1,6,1,0,0,0
"511","43.75-87.5","25-37.5","0-25",1,7,1,0,0,0
"512","43.75-87.5","25-37.5","0-25",2,1,1,0,0,0
"513","43.75-87.5","25-37.5","0-25",2,2,1,0,0,0
"514","43.75-87.5","25-37.5","0-25",2,3,1,0,0,0
"515","43.75-87.5","25-37.5","0-25",2,4,1,0,0,0
"516","43.75-87.5","25-37.5","0-25",2,5,1,0,0,0
"517","43.75-87.5","25-37.5","0-25",2,6,1,0,0,0
"518","43.75-87.5","25-37.5","0-25",2,7,1,0,0,0
"519","43.75-87.5","25-37.5","0-25",3,1,0.118773946360153,0.881226053639847,0,0
"520","43.75-87.5","25-37.5","0-25",3,2,0.103734439834025,0.896265560165975,0,0
"521","43.75-87.5","25-37.5","0-25",3,3,0.147619047619048,0.852380952380952,0,0
"522","43.75-87.5","25-37.5","0-25",3,4,0.221105527638191,0.778894472361809,0,0
"523","43.75-87.5","25-37.5","0-25",3,5,0.197916666666667,0.802083333333333,0,0
"524","43.75-87.5","25-37.5","0-25",3,6,0.211711711711712,0.788288288288288,0,0
"525","43.75-87.5","25-37.5","0-25",3,7,0.186046511627907,0.813953488372093,0,0
"526","43.75-87.5","25-37.5","25-50",1,1,1,0,0,0
"527","43.75-87.5","25-37.5","25-50",1,2,1,0,0,0
"528","43.75-87.5","25-37.5","25-50",1,3,1,0,0,0
"529","43.75-87.5","25-37.5","25-50",1,4,1,0,0,0
"530","43.75-87.5","25-37.5","25-50",1,5,1,0,0,0
"531","43.75-87.5","25-37.5","25-50",1,6,1,0,0,0
"532","43.75-87.5","25-37.5","25-50",1,7,1,0,0,0
"533","43.75-87.5","25-37.5","25-50",2,1,0.995348837209302,0.00465116279069767,0,0
"534","43.75-87.5","25-37.5","25-50",2,2,0.974789915966387,0.0252100840336134,0,0
"535","43.75-87.5","25-37.5","25-50",2,3,0.984042553191489,0.0159574468085106,0,0
"536","43.75-87.5","25-37.5","25-50",2,4,0.971544715447154,0.0284552845528455,0,0
"537","43.75-87.5","25-37.5","25-50",2,5,0.96551724137931,0.0344827586206897,0,0
"538","43.75-87.5","25-37.5","25-50",2,6,0.977653631284916,0.0223463687150838,0,0
"539","43.75-87.5","25-37.5","25-50",2,7,0.937759336099585,0.0622406639004149,0,0
"540","43.75-87.5","25-37.5","25-50",3,1,0,0.990521327014218,0.00947867298578199,0
"541","43.75-87.5","25-37.5","25-50",3,2,0,0.995098039215686,0.00490196078431373,0
"542","43.75-87.5","25-37.5","25-50",3,3,0,1,0,0
"543","43.75-87.5","25-37.5","25-50",3,4,0.00436681222707424,0.991266375545852,0.00436681222707424,0
"544","43.75-87.5","25-37.5","25-50",3,5,0,1,0,0
"545","43.75-87.5","25-37.5","25-50",3,6,0,0.995867768595041,0.00413223140495868,0
"546","43.75-87.5","25-37.5","25-50",3,7,0,0.988636363636364,0.0113636363636364,0
"547","43.75-87.5","25-37.5","50-75",1,1,1,0,0,0
"548","43.75-87.5","25-37.5","50-75",1,2,0.995049504950495,0.00495049504950495,0,0
"549","43.75-87.5","25-37.5","50-75",1,3,1,0,0,0
"550","43.75-87.5","25-37.5","50-75",1,4,0.994535519125683,0.00546448087431694,0,0
"551","43.75-87.5","25-37.5","50-75",1,5,1,0,0,0
"552","43.75-87.5","25-37.5","50-75",1,6,1,0,0,0
"553","43.75-87.5","25-37.5","50-75",1,7,0.968085106382979,0.0319148936170213,0,0
"554","43.75-87.5","25-37.5","50-75",2,1,0.315270935960591,0.684729064039409,0,0
"555","43.75-87.5","25-37.5","50-75",2,2,0.379310344827586,0.620689655172414,0,0
"556","43.75-87.5","25-37.5","50-75",2,3,0.619047619047619,0.380952380952381,0,0
"557","43.75-87.5","25-37.5","50-75",2,4,0.431472081218274,0.568527918781726,0,0
"558","43.75-87.5","25-37.5","50-75",2,5,0.351485148514851,0.648514851485149,0,0
"559","43.75-87.5","25-37.5","50-75",2,6,0.375,0.625,0,0
"560","43.75-87.5","25-37.5","50-75",2,7,0.230769230769231,0.769230769230769,0,0
"561","43.75-87.5","25-37.5","50-75",3,1,0,0.718446601941748,0.281553398058252,0
"562","43.75-87.5","25-37.5","50-75",3,2,0,0.798029556650246,0.201970443349754,0
"563","43.75-87.5","25-37.5","50-75",3,3,0,0.862222222222222,0.137777777777778,0
"564","43.75-87.5","25-37.5","50-75",3,4,0,0.815384615384615,0.184615384615385,0
"565","43.75-87.5","25-37.5","50-75",3,5,0,0.821428571428571,0.178571428571429,0
"566","43.75-87.5","25-37.5","50-75",3,6,0,0.789473684210526,0.210526315789474,0
"567","43.75-87.5","25-37.5","50-75",3,7,0,0.653465346534653,0.346534653465347,0
"568","43.75-87.5","25-37.5","75-100",1,1,0.517241379310345,0.482758620689655,0,0
"569","43.75-87.5","25-37.5","75-100",1,2,0.621004566210046,0.378995433789954,0,0
"570","43.75-87.5","25-37.5","75-100",1,3,0.763285024154589,0.236714975845411,0,0
"571","43.75-87.5","25-37.5","75-100",1,4,0.527196652719665,0.472803347280335,0,0
"572","43.75-87.5","25-37.5","75-100",1,5,0.527638190954774,0.472361809045226,0,0
"573","43.75-87.5","25-37.5","75-100",1,6,0.476851851851852,0.523148148148148,0,0
"574","43.75-87.5","25-37.5","75-100",1,7,0.38423645320197,0.61576354679803,0,0
"575","43.75-87.5","25-37.5","75-100",2,1,0,1,0,0
"576","43.75-87.5","25-37.5","75-100",2,2,0.00909090909090909,0.990909090909091,0,0
"577","43.75-87.5","25-37.5","75-100",2,3,0.0607476635514019,0.939252336448598,0,0
"578","43.75-87.5","25-37.5","75-100",2,4,0,1,0,0
"579","43.75-87.5","25-37.5","75-100",2,5,0.0131578947368421,0.986842105263158,0,0
"580","43.75-87.5","25-37.5","75-100",2,6,0.00483091787439614,0.995169082125604,0,0
"581","43.75-87.5","25-37.5","75-100",2,7,0,1,0,0
"582","43.75-87.5","25-37.5","75-100",3,1,0,0.157360406091371,0.842639593908629,0
"583","43.75-87.5","25-37.5","75-100",3,2,0,0.28110599078341,0.71889400921659,0
"584","43.75-87.5","25-37.5","75-100",3,3,0,0.355450236966825,0.644549763033175,0
"585","43.75-87.5","25-37.5","75-100",3,4,0,0.221276595744681,0.778723404255319,0
"586","43.75-87.5","25-37.5","75-100",3,5,0,0.158163265306122,0.841836734693878,0
"587","43.75-87.5","25-37.5","75-100",3,6,0,0.242152466367713,0.757847533632287,0
"588","43.75-87.5","25-37.5","75-100",3,7,0,0.0873362445414847,0.912663755458515,0
"589","43.75-87.5","37.5-50","0-25",1,1,1,0,0,0
"590","43.75-87.5","37.5-50","0-25",1,2,1,0,0,0
"591","43.75-87.5","37.5-50","0-25",1,3,1,0,0,0
"592","43.75-87.5","37.5-50","0-25",1,4,1,0,0,0
"593","43.75-87.5","37.5-50","0-25",1,5,1,0,0,0
"594","43.75-87.5","37.5-50","0-25",1,6,1,0,0,0
"595","43.75-87.5","37.5-50","0-25",1,7,1,0,0,0
"596","43.75-87.5","37.5-50","0-25",2,1,1,0,0,0
"597","43.75-87.5","37.5-50","0-25",2,2,1,0,0,0
"598","43.75-87.5","37.5-50","0-25",2,3,1,0,0,0
"599","43.75-87.5","37.5-50","0-25",2,4,1,0,0,0
"600","43.75-87.5","37.5-50","0-25",2,5,1,0,0,0
"601","43.75-87.5","37.5-50","0-25",2,6,1,0,0,0
"602","43.75-87.5","37.5-50","0-25",2,7,1,0,0,0
"603","43.75-87.5","37.5-50","0-25",3,1,0.0568720379146919,0.943127962085308,0,0
"604","43.75-87.5","37.5-50","0-25",3,2,0.0269230769230769,0.973076923076923,0,0
"605","43.75-87.5","37.5-50","0-25",3,3,0.0333333333333333,0.966666666666667,0,0
"606","43.75-87.5","37.5-50","0-25",3,4,0.0723981900452489,0.927601809954751,0,0
"607","43.75-87.5","37.5-50","0-25",3,5,0.0574162679425837,0.942583732057416,0,0
"608","43.75-87.5","37.5-50","0-25",3,6,0.0515463917525773,0.948453608247423,0,0
"609","43.75-87.5","37.5-50","0-25",3,7,0.00909090909090909,0.990909090909091,0,0
"610","43.75-87.5","37.5-50","25-50",1,1,1,0,0,0
"611","43.75-87.5","37.5-50","25-50",1,2,1,0,0,0
"612","43.75-87.5","37.5-50","25-50",1,3,1,0,0,0
"613","43.75-87.5","37.5-50","25-50",1,4,1,0,0,0
"614","43.75-87.5","37.5-50","25-50",1,5,1,0,0,0
"615","43.75-87.5","37.5-50","25-50",1,6,1,0,0,0
"616","43.75-87.5","37.5-50","25-50",1,7,1,0,0,0
"617","43.75-87.5","37.5-50","25-50",2,1,0.900990099009901,0.099009900990099,0,0
"618","43.75-87.5","37.5-50","25-50",2,2,0.923076923076923,0.0769230769230769,0,0
"619","43.75-87.5","37.5-50","25-50",2,3,0.938388625592417,0.0616113744075829,0,0
"620","43.75-87.5","37.5-50","25-50",2,4,0.897674418604651,0.102325581395349,0,0
"621","43.75-87.5","37.5-50","25-50",2,5,0.931818181818182,0.0681818181818182,0,0
"622","43.75-87.5","37.5-50","25-50",2,6,0.92,0.08,0,0
"623","43.75-87.5","37.5-50","25-50",2,7,0.79372197309417,0.20627802690583,0,0
"624","43.75-87.5","37.5-50","25-50",3,1,0,0.940860215053763,0.0591397849462366,0
"625","43.75-87.5","37.5-50","25-50",3,2,0,0.963470319634703,0.0365296803652968,0
"626","43.75-87.5","37.5-50","25-50",3,3,0,0.969026548672566,0.0309734513274336,0
"627","43.75-87.5","37.5-50","25-50",3,4,0,0.966824644549763,0.033175355450237,0
"628","43.75-87.5","37.5-50","25-50",3,5,0,0.964426877470356,0.0355731225296443,0
"629","43.75-87.5","37.5-50","25-50",3,6,0,0.973684210526316,0.0263157894736842,0
"630","43.75-87.5","37.5-50","25-50",3,7,0,0.911627906976744,0.0883720930232558,0
"631","43.75-87.5","37.5-50","50-75",1,1,0.972375690607735,0.0276243093922652,0,0
"632","43.75-87.5","37.5-50","50-75",1,2,0.990825688073395,0.00917431192660551,0,0
"633","43.75-87.5","37.5-50","50-75",1,3,0.995260663507109,0.004739336492891,0,0
"634","43.75-87.5","37.5-50","50-75",1,4,0.978723404255319,0.0212765957446809,0,0
"635","43.75-87.5","37.5-50","50-75",1,5,0.963636363636364,0.0363636363636364,0,0
"636","43.75-87.5","37.5-50","50-75",1,6,0.969387755102041,0.0306122448979592,0,0
"637","43.75-87.5","37.5-50","50-75",1,7,0.956896551724138,0.0431034482758621,0,0
"638","43.75-87.5","37.5-50","50-75",2,1,0.173913043478261,0.826086956521739,0,0
"639","43.75-87.5","37.5-50","50-75",2,2,0.203703703703704,0.796296296296296,0,0
"640","43.75-87.5","37.5-50","50-75",2,3,0.276150627615063,0.723849372384937,0,0
"641","43.75-87.5","37.5-50","50-75",2,4,0.21875,0.78125,0,0
"642","43.75-87.5","37.5-50","50-75",2,5,0.210280373831776,0.789719626168224,0,0
"643","43.75-87.5","37.5-50","50-75",2,6,0.189814814814815,0.810185185185185,0,0
"644","43.75-87.5","37.5-50","50-75",2,7,0.125628140703518,0.874371859296482,0,0
"645","43.75-87.5","37.5-50","50-75",3,1,0,0.406862745098039,0.593137254901961,0
"646","43.75-87.5","37.5-50","50-75",3,2,0,0.568627450980392,0.431372549019608,0
"647","43.75-87.5","37.5-50","50-75",3,3,0,0.658536585365854,0.341463414634146,0
"648","43.75-87.5","37.5-50","50-75",3,4,0,0.555555555555556,0.444444444444444,0
"649","43.75-87.5","37.5-50","50-75",3,5,0,0.522613065326633,0.477386934673367,0
"650","43.75-87.5","37.5-50","50-75",3,6,0,0.58984375,0.41015625,0
"651","43.75-87.5","37.5-50","50-75",3,7,0,0.394495412844037,0.605504587155963,0
"652","43.75-87.5","37.5-50","75-100",1,1,0.315789473684211,0.684210526315789,0,0
"653","43.75-87.5","37.5-50","75-100",1,2,0.429824561403509,0.570175438596491,0,0
"654","43.75-87.5","37.5-50","75-100",1,3,0.719047619047619,0.280952380952381,0,0
"655","43.75-87.5","37.5-50","75-100",1,4,0.316326530612245,0.683673469387755,0,0
"656","43.75-87.5","37.5-50","75-100",1,5,0.34061135371179,0.65938864628821,0,0
"657","43.75-87.5","37.5-50","75-100",1,6,0.409090909090909,0.590909090909091,0,0
"658","43.75-87.5","37.5-50","75-100",1,7,0.170305676855895,0.829694323144105,0,0
"659","43.75-87.5","37.5-50","75-100",2,1,0,1,0,0
"660","43.75-87.5","37.5-50","75-100",2,2,0,1,0,0
"661","43.75-87.5","37.5-50","75-100",2,3,0.0099009900990099,0.99009900990099,0,0
"662","43.75-87.5","37.5-50","75-100",2,4,0,1,0,0
"663","43.75-87.5","37.5-50","75-100",2,5,0,1,0,0
"664","43.75-87.5","37.5-50","75-100",2,6,0,1,0,0
"665","43.75-87.5","37.5-50","75-100",2,7,0,1,0,0
"666","43.75-87.5","37.5-50","75-100",3,1,0,0.0410958904109589,0.958904109589041,0
"667","43.75-87.5","37.5-50","75-100",3,2,0,0.0669856459330144,0.92822966507177,0.00478468899521531
"668","43.75-87.5","37.5-50","75-100",3,3,0,0.159817351598174,0.840182648401826,0
"669","43.75-87.5","37.5-50","75-100",3,4,0,0.0753138075313808,0.924686192468619,0
"670","43.75-87.5","37.5-50","75-100",3,5,0,0.065843621399177,0.934156378600823,0
"671","43.75-87.5","37.5-50","75-100",3,6,0,0.0884955752212389,0.911504424778761,0
"672","43.75-87.5","37.5-50","75-100",3,7,0,0.0216450216450216,0.978354978354978,0
"673","87.5-131.25","0-12.5","0-25",1,1,1,0,0,0
"674","87.5-131.25","0-12.5","0-25",1,2,1,0,0,0
"675","87.5-131.25","0-12.5","0-25",1,3,1,0,0,0
"676","87.5-131.25","0-12.5","0-25",1,4,1,0,0,0
"677","87.5-131.25","0-12.5","0-25",1,5,1,0,0,0
"678","87.5-131.25","0-12.5","0-25",1,6,1,0,0,0
"679","87.5-131.25","0-12.5","0-25",1,7,1,0,0,0
"680","87.5-131.25","0-12.5","0-25",2,1,1,0,0,0
"681","87.5-131.25","0-12.5","0-25",2,2,1,0,0,0
"682","87.5-131.25","0-12.5","0-25",2,3,1,0,0,0
"683","87.5-131.25","0-12.5","0-25",2,4,1,0,0,0
"684","87.5-131.25","0-12.5","0-25",2,5,1,0,0,0
"685","87.5-131.25","0-12.5","0-25",2,6,1,0,0,0
"686","87.5-131.25","0-12.5","0-25",2,7,1,0,0,0
"687","87.5-131.25","0-12.5","0-25",3,1,0.0377358490566038,0.957547169811321,0.00471698113207547,0
"688","87.5-131.25","0-12.5","0-25",3,2,0.0132743362831858,0.986725663716814,0,0
"689","87.5-131.25","0-12.5","0-25",3,3,0.0358974358974359,0.964102564102564,0,0
"690","87.5-131.25","0-12.5","0-25",3,4,0.0593607305936073,0.940639269406393,0,0
"691","87.5-131.25","0-12.5","0-25",3,5,0.0995670995670996,0.9004329004329,0,0
"692","87.5-131.25","0-12.5","0-25",3,6,0.0307692307692308,0.969230769230769,0,0
"693","87.5-131.25","0-12.5","0-25",3,7,0.0273972602739726,0.972602739726027,0,0
"694","87.5-131.25","0-12.5","25-50",1,1,1,0,0,0
"695","87.5-131.25","0-12.5","25-50",1,2,1,0,0,0
"696","87.5-131.25","0-12.5","25-50",1,3,1,0,0,0
"697","87.5-131.25","0-12.5","25-50",1,4,1,0,0,0
"698","87.5-131.25","0-12.5","25-50",1,5,1,0,0,0
"699","87.5-131.25","0-12.5","25-50",1,6,1,0,0,0
"700","87.5-131.25","0-12.5","25-50",1,7,1,0,0,0
"701","87.5-131.25","0-12.5","25-50",2,1,0.935483870967742,0.0645161290322581,0,0
"702","87.5-131.25","0-12.5","25-50",2,2,0.967441860465116,0.0325581395348837,0,0
"703","87.5-131.25","0-12.5","25-50",2,3,0.990566037735849,0.00943396226415094,0,0
"704","87.5-131.25","0-12.5","25-50",2,4,0.983935742971888,0.0160642570281124,0,0
"705","87.5-131.25","0-12.5","25-50",2,5,0.981566820276498,0.0184331797235023,0,0
"706","87.5-131.25","0-12.5","25-50",2,6,0.96137339055794,0.0386266094420601,0,0
"707","87.5-131.25","0-12.5","25-50",2,7,0.95,0.05,0,0
"708","87.5-131.25","0-12.5","25-50",3,1,0,0.942982456140351,0.0570175438596491,0
"709","87.5-131.25","0-12.5","25-50",3,2,0,0.936363636363636,0.0636363636363636,0
"710","87.5-131.25","0-12.5","25-50",3,3,0,0.962616822429907,0.0373831775700935,0
"711","87.5-131.25","0-12.5","25-50",3,4,0,0.975845410628019,0.0241545893719807,0
"712","87.5-131.25","0-12.5","25-50",3,5,0,0.984771573604061,0.0152284263959391,0
"713","87.5-131.25","0-12.5","25-50",3,6,0,0.961722488038278,0.0382775119617225,0
"714","87.5-131.25","0-12.5","25-50",3,7,0,0.930232558139535,0.0697674418604651,0
"715","87.5-131.25","0-12.5","50-75",1,1,1,0,0,0
"716","87.5-131.25","0-12.5","50-75",1,2,1,0,0,0
"717","87.5-131.25","0-12.5","50-75",1,3,1,0,0,0
"718","87.5-131.25","0-12.5","50-75",1,4,0.995238095238095,0.00476190476190476,0,0
"719","87.5-131.25","0-12.5","50-75",1,5,1,0,0,0
"720","87.5-131.25","0-12.5","50-75",1,6,1,0,0,0
"721","87.5-131.25","0-12.5","50-75",1,7,1,0,0,0
"722","87.5-131.25","0-12.5","50-75",2,1,0.314606741573034,0.685393258426966,0,0
"723","87.5-131.25","0-12.5","50-75",2,2,0.431818181818182,0.568181818181818,0,0
"724","87.5-131.25","0-12.5","50-75",2,3,0.551219512195122,0.448780487804878,0,0
"725","87.5-131.25","0-12.5","50-75",2,4,0.445,0.555,0,0
"726","87.5-131.25","0-12.5","50-75",2,5,0.396135265700483,0.603864734299517,0,0
"727","87.5-131.25","0-12.5","50-75",2,6,0.404347826086957,0.595652173913043,0,0
"728","87.5-131.25","0-12.5","50-75",2,7,0.25,0.75,0,0
"729","87.5-131.25","0-12.5","50-75",3,1,0,0.522842639593909,0.477157360406091,0
"730","87.5-131.25","0-12.5","50-75",3,2,0,0.555023923444976,0.444976076555024,0
"731","87.5-131.25","0-12.5","50-75",3,3,0,0.661764705882353,0.338235294117647,0
"732","87.5-131.25","0-12.5","50-75",3,4,0,0.61965811965812,0.38034188034188,0
"733","87.5-131.25","0-12.5","50-75",3,5,0,0.644736842105263,0.355263157894737,0
"734","87.5-131.25","0-12.5","50-75",3,6,0,0.57487922705314,0.42512077294686,0
"735","87.5-131.25","0-12.5","50-75",3,7,0,0.370731707317073,0.629268292682927,0
"736","87.5-131.25","0-12.5","75-100",1,1,0.718446601941748,0.281553398058252,0,0
"737","87.5-131.25","0-12.5","75-100",1,2,0.831858407079646,0.168141592920354,0,0
"738","87.5-131.25","0-12.5","75-100",1,3,0.891891891891892,0.108108108108108,0,0
"739","87.5-131.25","0-12.5","75-100",1,4,0.675675675675676,0.324324324324324,0,0
"740","87.5-131.25","0-12.5","75-100",1,5,0.717703349282297,0.282296650717703,0,0
"741","87.5-131.25","0-12.5","75-100",1,6,0.657777777777778,0.342222222222222,0,0
"742","87.5-131.25","0-12.5","75-100",1,7,0.548223350253807,0.451776649746193,0,0
"743","87.5-131.25","0-12.5","75-100",2,1,0.00465116279069767,0.995348837209302,0,0
"744","87.5-131.25","0-12.5","75-100",2,2,0,1,0,0
"745","87.5-131.25","0-12.5","75-100",2,3,0.0334928229665072,0.966507177033493,0,0
"746","87.5-131.25","0-12.5","75-100",2,4,0.0144230769230769,0.985576923076923,0,0
"747","87.5-131.25","0-12.5","75-100",2,5,0.00947867298578199,0.990521327014218,0,0
"748","87.5-131.25","0-12.5","75-100",2,6,0,1,0,0
"749","87.5-131.25","0-12.5","75-100",2,7,0,1,0,0
"750","87.5-131.25","0-12.5","75-100",3,1,0,0.055045871559633,0.940366972477064,0.00458715596330275
"751","87.5-131.25","0-12.5","75-100",3,2,0,0.0751173708920188,0.924882629107981,0
"752","87.5-131.25","0-12.5","75-100",3,3,0,0.160869565217391,0.839130434782609,0
"753","87.5-131.25","0-12.5","75-100",3,4,0,0.0947368421052632,0.905263157894737,0
"754","87.5-131.25","0-12.5","75-100",3,5,0,0.06,0.94,0
"755","87.5-131.25","0-12.5","75-100",3,6,0,0.0639269406392694,0.936073059360731,0
"756","87.5-131.25","0-12.5","75-100",3,7,0,0.0225225225225225,0.977477477477477,0
"757","87.5-131.25","12.5-25","0-25",1,1,1,0,0,0
"758","87.5-131.25","12.5-25","0-25",1,2,1,0,0,0
"759","87.5-131.25","12.5-25","0-25",1,3,1,0,0,0
"760","87.5-131.25","12.5-25","0-25",1,4,1,0,0,0
"761","87.5-131.25","12.5-25","0-25",1,5,1,0,0,0
"762","87.5-131.25","12.5-25","0-25",1,6,1,0,0,0
"763","87.5-131.25","12.5-25","0-25",1,7,1,0,0,0
"764","87.5-131.25","12.5-25","0-25",2,1,1,0,0,0
"765","87.5-131.25","12.5-25","0-25",2,2,1,0,0,0
"766","87.5-131.25","12.5-25","0-25",2,3,0.995726495726496,0.00427350427350427,0,0
"767","87.5-131.25","12.5-25","0-25",2,4,1,0,0,0
"768","87.5-131.25","12.5-25","0-25",2,5,1,0,0,0
"769","87.5-131.25","12.5-25","0-25",2,6,1,0,0,0
"770","87.5-131.25","12.5-25","0-25",2,7,1,0,0,0
"771","87.5-131.25","12.5-25","0-25",3,1,0,0.995121951219512,0.0048780487804878,0
"772","87.5-131.25","12.5-25","0-25",3,2,0.00454545454545455,0.995454545454545,0,0
"773","87.5-131.25","12.5-25","0-25",3,3,0,0.995726495726496,0.00427350427350427,0
"774","87.5-131.25","12.5-25","0-25",3,4,0.0137614678899083,0.986238532110092,0,0
"775","87.5-131.25","12.5-25","0-25",3,5,0.00869565217391304,0.991304347826087,0,0
"776","87.5-131.25","12.5-25","0-25",3,6,0.00904977375565611,0.990950226244344,0,0
"777","87.5-131.25","12.5-25","0-25",3,7,0,0.987951807228916,0.0120481927710843,0
"778","87.5-131.25","12.5-25","25-50",1,1,1,0,0,0
"779","87.5-131.25","12.5-25","25-50",1,2,1,0,0,0
"780","87.5-131.25","12.5-25","25-50",1,3,1,0,0,0
"781","87.5-131.25","12.5-25","25-50",1,4,1,0,0,0
"782","87.5-131.25","12.5-25","25-50",1,5,1,0,0,0
"783","87.5-131.25","12.5-25","25-50",1,6,1,0,0,0
"784","87.5-131.25","12.5-25","25-50",1,7,1,0,0,0
"785","87.5-131.25","12.5-25","25-50",2,1,0.834645669291339,0.165354330708661,0,0
"786","87.5-131.25","12.5-25","25-50",2,2,0.906382978723404,0.0936170212765957,0,0
"787","87.5-131.25","12.5-25","25-50",2,3,0.932773109243697,0.0672268907563025,0,0
"788","87.5-131.25","12.5-25","25-50",2,4,0.914285714285714,0.0857142857142857,0,0
"789","87.5-131.25","12.5-25","25-50",2,5,0.846153846153846,0.153846153846154,0,0
"790","87.5-131.25","12.5-25","25-50",2,6,0.877952755905512,0.122047244094488,0,0
"791","87.5-131.25","12.5-25","25-50",2,7,0.797029702970297,0.202970297029703,0,0
"792","87.5-131.25","12.5-25","25-50",3,1,0,0.762114537444934,0.237885462555066,0
"793","87.5-131.25","12.5-25","25-50",3,2,0,0.851239669421488,0.148760330578512,0
"794","87.5-131.25","12.5-25","25-50",3,3,0,0.850678733031674,0.149321266968326,0
"795","87.5-131.25","12.5-25","25-50",3,4,0,0.873831775700935,0.126168224299065,0
"796","87.5-131.25","12.5-25","25-50",3,5,0,0.873239436619718,0.126760563380282,0
"797","87.5-131.25","12.5-25","25-50",3,6,0,0.859574468085106,0.140425531914894,0
"798","87.5-131.25","12.5-25","25-50",3,7,0,0.753303964757709,0.246696035242291,0
"799","87.5-131.25","12.5-25","50-75",1,1,0.995073891625616,0.00492610837438424,0,0
"800","87.5-131.25","12.5-25","50-75",1,2,0.995192307692308,0.00480769230769231,0,0
"801","87.5-131.25","12.5-25","50-75",1,3,1,0,0,0
"802","87.5-131.25","12.5-25","50-75",1,4,1,0,0,0
"803","87.5-131.25","12.5-25","50-75",1,5,0.990909090909091,0.00909090909090909,0,0
"804","87.5-131.25","12.5-25","50-75",1,6,0.995762711864407,0.00423728813559322,0,0
"805","87.5-131.25","12.5-25","50-75",1,7,0.987068965517241,0.0129310344827586,0,0
"806","87.5-131.25","12.5-25","50-75",2,1,0.123931623931624,0.876068376068376,0,0
"807","87.5-131.25","12.5-25","50-75",2,2,0.16580310880829,0.83419689119171,0,0
"808","87.5-131.25","12.5-25","50-75",2,3,0.242574257425743,0.757425742574257,0,0
"809","87.5-131.25","12.5-25","50-75",2,4,0.144230769230769,0.855769230769231,0,0
"810","87.5-131.25","12.5-25","50-75",2,5,0.229074889867841,0.770925110132159,0,0
"811","87.5-131.25","12.5-25","50-75",2,6,0.184873949579832,0.815126050420168,0,0
"812","87.5-131.25","12.5-25","50-75",2,7,0.0912863070539419,0.908713692946058,0,0
"813","87.5-131.25","12.5-25","50-75",3,1,0,0.181395348837209,0.818604651162791,0
"814","87.5-131.25","12.5-25","50-75",3,2,0,0.291666666666667,0.708333333333333,0
"815","87.5-131.25","12.5-25","50-75",3,3,0,0.396694214876033,0.603305785123967,0
"816","87.5-131.25","12.5-25","50-75",3,4,0,0.298245614035088,0.701754385964912,0
"817","87.5-131.25","12.5-25","50-75",3,5,0,0.368888888888889,0.631111111111111,0
"818","87.5-131.25","12.5-25","50-75",3,6,0,0.292035398230089,0.707964601769911,0
"819","87.5-131.25","12.5-25","50-75",3,7,0,0.22265625,0.77734375,0
"820","87.5-131.25","12.5-25","75-100",1,1,0.511415525114155,0.488584474885845,0,0
"821","87.5-131.25","12.5-25","75-100",1,2,0.648888888888889,0.351111111111111,0,0
"822","87.5-131.25","12.5-25","75-100",1,3,0.812785388127854,0.187214611872146,0,0
"823","87.5-131.25","12.5-25","75-100",1,4,0.578947368421053,0.421052631578947,0,0
"824","87.5-131.25","12.5-25","75-100",1,5,0.606481481481482,0.393518518518519,0,0
"825","87.5-131.25","12.5-25","75-100",1,6,0.504065040650406,0.495934959349593,0,0
"826","87.5-131.25","12.5-25","75-100",1,7,0.337606837606838,0.662393162393162,0,0
"827","87.5-131.25","12.5-25","75-100",2,1,0,1,0,0
"828","87.5-131.25","12.5-25","75-100",2,2,0.00418410041841004,0.99581589958159,0,0
"829","87.5-131.25","12.5-25","75-100",2,3,0.00495049504950495,0.995049504950495,0,0
"830","87.5-131.25","12.5-25","75-100",2,4,0,1,0,0
"831","87.5-131.25","12.5-25","75-100",2,5,0,1,0,0
"832","87.5-131.25","12.5-25","75-100",2,6,0.00448430493273543,0.995515695067265,0,0
"833","87.5-131.25","12.5-25","75-100",2,7,0,1,0,0
"834","87.5-131.25","12.5-25","75-100",3,1,0,0.00754716981132075,0.992452830188679,0
"835","87.5-131.25","12.5-25","75-100",3,2,0,0.0048780487804878,0.995121951219512,0
"836","87.5-131.25","12.5-25","75-100",3,3,0,0.052863436123348,0.947136563876652,0
"837","87.5-131.25","12.5-25","75-100",3,4,0,0.0245098039215686,0.970588235294118,0.00490196078431373
"838","87.5-131.25","12.5-25","75-100",3,5,0,0.00896860986547085,0.986547085201794,0.00448430493273543
"839","87.5-131.25","12.5-25","75-100",3,6,0,0.00900900900900901,0.990990990990991,0
"840","87.5-131.25","12.5-25","75-100",3,7,0,0,0.983539094650206,0.0164609053497942
"841","87.5-131.25","25-37.5","0-25",1,1,1,0,0,0
"842","87.5-131.25","25-37.5","0-25",1,2,1,0,0,0
"843","87.5-131.25","25-37.5","0-25",1,3,1,0,0,0
"844","87.5-131.25","25-37.5","0-25",1,4,1,0,0,0
"845","87.5-131.25","25-37.5","0-25",1,5,1,0,0,0
"846","87.5-131.25","25-37.5","0-25",1,6,1,0,0,0
"847","87.5-131.25","25-37.5","0-25",1,7,1,0,0,0
"848","87.5-131.25","25-37.5","0-25",2,1,1,0,0,0
"849","87.5-131.25","25-37.5","0-25",2,2,1,0,0,0
"850","87.5-131.25","25-37.5","0-25",2,3,1,0,0,0
"851","87.5-131.25","25-37.5","0-25",2,4,1,0,0,0
"852","87.5-131.25","25-37.5","0-25",2,5,0.9957805907173,0.00421940928270042,0,0
"853","87.5-131.25","25-37.5","0-25",2,6,1,0,0,0
"854","87.5-131.25","25-37.5","0-25",2,7,0.990867579908676,0.0091324200913242,0,0
"855","87.5-131.25","25-37.5","0-25",3,1,0,0.954337899543379,0.045662100456621,0
"856","87.5-131.25","25-37.5","0-25",3,2,0,0.977477477477477,0.0225225225225225,0
"857","87.5-131.25","25-37.5","0-25",3,3,0,0.972850678733032,0.0271493212669683,0
"858","87.5-131.25","25-37.5","0-25",3,4,0,0.990867579908676,0.0091324200913242,0
"859","87.5-131.25","25-37.5","0-25",3,5,0,0.991111111111111,0.00888888888888889,0
"860","87.5-131.25","25-37.5","0-25",3,6,0,0.990291262135922,0.00970873786407767,0
"861","87.5-131.25","25-37.5","0-25",3,7,0,0.964143426294821,0.0358565737051793,0
"862","87.5-131.25","25-37.5","25-50",1,1,1,0,0,0
"863","87.5-131.25","25-37.5","25-50",1,2,1,0,0,0
"864","87.5-131.25","25-37.5","25-50",1,3,1,0,0,0
"865","87.5-131.25","25-37.5","25-50",1,4,1,0,0,0
"866","87.5-131.25","25-37.5","25-50",1,5,1,0,0,0
"867","87.5-131.25","25-37.5","25-50",1,6,1,0,0,0
"868","87.5-131.25","25-37.5","25-50",1,7,1,0,0,0
"869","87.5-131.25","25-37.5","25-50",2,1,0.618811881188119,0.381188118811881,0,0
"870","87.5-131.25","25-37.5","25-50",2,2,0.731182795698925,0.268817204301075,0,0
"871","87.5-131.25","25-37.5","25-50",2,3,0.744186046511628,0.255813953488372,0,0
"872","87.5-131.25","25-37.5","25-50",2,4,0.770408163265306,0.229591836734694,0,0
"873","87.5-131.25","25-37.5","25-50",2,5,0.73936170212766,0.26063829787234,0,0
"874","87.5-131.25","25-37.5","25-50",2,6,0.776649746192893,0.223350253807107,0,0
"875","87.5-131.25","25-37.5","25-50",2,7,0.637837837837838,0.362162162162162,0,0
"876","87.5-131.25","25-37.5","25-50",3,1,0,0.491379310344828,0.508620689655172,0
"877","87.5-131.25","25-37.5","25-50",3,2,0,0.547619047619048,0.452380952380952,0
"878","87.5-131.25","25-37.5","25-50",3,3,0,0.66260162601626,0.33739837398374,0
"879","87.5-131.25","25-37.5","25-50",3,4,0,0.623188405797101,0.376811594202899,0
"880","87.5-131.25","25-37.5","25-50",3,5,0,0.657142857142857,0.342857142857143,0
"881","87.5-131.25","25-37.5","25-50",3,6,0,0.695,0.305,0
"882","87.5-131.25","25-37.5","25-50",3,7,0,0.469026548672566,0.530973451327434,0
"883","87.5-131.25","25-37.5","50-75",1,1,0.963302752293578,0.036697247706422,0,0
"884","87.5-131.25","25-37.5","50-75",1,2,0.98019801980198,0.0198019801980198,0,0
"885","87.5-131.25","25-37.5","50-75",1,3,0.990521327014218,0.00947867298578199,0,0
"886","87.5-131.25","25-37.5","50-75",1,4,0.989795918367347,0.0102040816326531,0,0
"887","87.5-131.25","25-37.5","50-75",1,5,0.976076555023923,0.0239234449760766,0,0
"888","87.5-131.25","25-37.5","50-75",1,6,0.971698113207547,0.0283018867924528,0,0
"889","87.5-131.25","25-37.5","50-75",1,7,0.917948717948718,0.0820512820512821,0,0
"890","87.5-131.25","25-37.5","50-75",2,1,0.0634146341463415,0.936585365853659,0,0
"891","87.5-131.25","25-37.5","50-75",2,2,0.0619047619047619,0.938095238095238,0,0
"892","87.5-131.25","25-37.5","50-75",2,3,0.119170984455959,0.880829015544041,0,0
"893","87.5-131.25","25-37.5","50-75",2,4,0.0569948186528497,0.94300518134715,0,0
"894","87.5-131.25","25-37.5","50-75",2,5,0.0585365853658537,0.941463414634146,0,0
"895","87.5-131.25","25-37.5","50-75",2,6,0.0794392523364486,0.920560747663551,0,0
"896","87.5-131.25","25-37.5","50-75",2,7,0.0334928229665072,0.966507177033493,0,0
"897","87.5-131.25","25-37.5","50-75",3,1,0,0.0461538461538462,0.948717948717949,0.00512820512820513
"898","87.5-131.25","25-37.5","50-75",3,2,0,0.081447963800905,0.918552036199095,0
"899","87.5-131.25","25-37.5","50-75",3,3,0,0.163934426229508,0.836065573770492,0
"900","87.5-131.25","25-37.5","50-75",3,4,0,0.112820512820513,0.887179487179487,0
"901","87.5-131.25","25-37.5","50-75",3,5,0,0.135922330097087,0.864077669902913,0
"902","87.5-131.25","25-37.5","50-75",3,6,0,0.109090909090909,0.890909090909091,0
"903","87.5-131.25","25-37.5","50-75",3,7,0,0.0219298245614035,0.978070175438597,0
"904","87.5-131.25","25-37.5","75-100",1,1,0.365168539325843,0.634831460674157,0,0
"905","87.5-131.25","25-37.5","75-100",1,2,0.576190476190476,0.423809523809524,0,0
"906","87.5-131.25","25-37.5","75-100",1,3,0.735751295336788,0.264248704663212,0,0
"907","87.5-131.25","25-37.5","75-100",1,4,0.431279620853081,0.568720379146919,0,0
"908","87.5-131.25","25-37.5","75-100",1,5,0.41,0.59,0,0
"909","87.5-131.25","25-37.5","75-100",1,6,0.3963133640553,0.603686635944701,0,0
"910","87.5-131.25","25-37.5","75-100",1,7,0.247572815533981,0.752427184466019,0,0
"911","87.5-131.25","25-37.5","75-100",2,1,0,1,0,0
"912","87.5-131.25","25-37.5","75-100",2,2,0,1,0,0
"913","87.5-131.25","25-37.5","75-100",2,3,0,1,0,0
"914","87.5-131.25","25-37.5","75-100",2,4,0,1,0,0
"915","87.5-131.25","25-37.5","75-100",2,5,0,1,0,0
"916","87.5-131.25","25-37.5","75-100",2,6,0,1,0,0
"917","87.5-131.25","25-37.5","75-100",2,7,0,1,0,0
"918","87.5-131.25","25-37.5","75-100",3,1,0,0,0.95609756097561,0.0439024390243902
"919","87.5-131.25","25-37.5","75-100",3,2,0,0,0.956989247311828,0.043010752688172
"920","87.5-131.25","25-37.5","75-100",3,3,0,0.00469483568075117,0.981220657276995,0.0140845070422535
"921","87.5-131.25","25-37.5","75-100",3,4,0,0,0.98974358974359,0.0102564102564103
"922","87.5-131.25","25-37.5","75-100",3,5,0,0.00495049504950495,0.965346534653465,0.0297029702970297
"923","87.5-131.25","25-37.5","75-100",3,6,0,0.00555555555555556,0.961111111111111,0.0333333333333333
"924","87.5-131.25","25-37.5","75-100",3,7,0,0,0.935483870967742,0.0645161290322581
"925","87.5-131.25","37.5-50","0-25",1,1,1,0,0,0
"926","87.5-131.25","37.5-50","0-25",1,2,1,0,0,0
"927","87.5-131.25","37.5-50","0-25",1,3,1,0,0,0
"928","87.5-131.25","37.5-50","0-25",1,4,1,0,0,0
"929","87.5-131.25","37.5-50","0-25",1,5,1,0,0,0
"930","87.5-131.25","37.5-50","0-25",1,6,1,0,0,0
"931","87.5-131.25","37.5-50","0-25",1,7,1,0,0,0
"932","87.5-131.25","37.5-50","0-25",2,1,0.981651376146789,0.018348623853211,0,0
"933","87.5-131.25","37.5-50","0-25",2,2,0.974248927038627,0.0257510729613734,0,0
"934","87.5-131.25","37.5-50","0-25",2,3,0.986725663716814,0.0132743362831858,0,0
"935","87.5-131.25","37.5-50","0-25",2,4,0.990521327014218,0.00947867298578199,0,0
"936","87.5-131.25","37.5-50","0-25",2,5,0.995614035087719,0.0043859649122807,0,0
"937","87.5-131.25","37.5-50","0-25",2,6,0.991869918699187,0.00813008130081301,0,0
"938","87.5-131.25","37.5-50","0-25",2,7,0.963855421686747,0.036144578313253,0,0
"939","87.5-131.25","37.5-50","0-25",3,1,0,0.801652892561983,0.198347107438017,0
"940","87.5-131.25","37.5-50","0-25",3,2,0,0.852272727272727,0.147727272727273,0
"941","87.5-131.25","37.5-50","0-25",3,3,0,0.855263157894737,0.144736842105263,0
"942","87.5-131.25","37.5-50","0-25",3,4,0,0.923076923076923,0.0769230769230769,0
"943","87.5-131.25","37.5-50","0-25",3,5,0,0.957746478873239,0.0422535211267606,0
"944","87.5-131.25","37.5-50","0-25",3,6,0,0.934579439252336,0.0654205607476635,0
"945","87.5-131.25","37.5-50","0-25",3,7,0,0.81140350877193,0.18859649122807,0
"946","87.5-131.25","37.5-50","25-50",1,1,1,0,0,0
"947","87.5-131.25","37.5-50","25-50",1,2,1,0,0,0
"948","87.5-131.25","37.5-50","25-50",1,3,1,0,0,0
"949","87.5-131.25","37.5-50","25-50",1,4,1,0,0,0
"950","87.5-131.25","37.5-50","25-50",1,5,1,0,0,0
"951","87.5-131.25","37.5-50","25-50",1,6,1,0,0,0
"952","87.5-131.25","37.5-50","25-50",1,7,1,0,0,0
"953","87.5-131.25","37.5-50","25-50",2,1,0.386934673366834,0.613065326633166,0,0
"954","87.5-131.25","37.5-50","25-50",2,2,0.506276150627615,0.493723849372385,0,0
"955","87.5-131.25","37.5-50","25-50",2,3,0.533018867924528,0.466981132075472,0,0
"956","87.5-131.25","37.5-50","25-50",2,4,0.544117647058823,0.455882352941176,0,0
"957","87.5-131.25","37.5-50","25-50",2,5,0.520833333333333,0.479166666666667,0,0
"958","87.5-131.25","37.5-50","25-50",2,6,0.527272727272727,0.472727272727273,0,0
"959","87.5-131.25","37.5-50","25-50",2,7,0.341880341880342,0.658119658119658,0,0
"960","87.5-131.25","37.5-50","25-50",3,1,0,0.213973799126638,0.786026200873362,0
"961","87.5-131.25","37.5-50","25-50",3,2,0,0.248888888888889,0.751111111111111,0
"962","87.5-131.25","37.5-50","25-50",3,3,0,0.372384937238494,0.627615062761506,0
"963","87.5-131.25","37.5-50","25-50",3,4,0,0.415966386554622,0.584033613445378,0
"964","87.5-131.25","37.5-50","25-50",3,5,0,0.397058823529412,0.602941176470588,0
"965","87.5-131.25","37.5-50","25-50",3,6,0,0.379807692307692,0.620192307692308,0
"966","87.5-131.25","37.5-50","25-50",3,7,0,0.238738738738739,0.761261261261261,0
"967","87.5-131.25","37.5-50","50-75",1,1,0.938679245283019,0.0613207547169811,0,0
"968","87.5-131.25","37.5-50","50-75",1,2,0.976076555023923,0.0239234449760766,0,0
"969","87.5-131.25","37.5-50","50-75",1,3,0.98828125,0.01171875,0,0
"970","87.5-131.25","37.5-50","50-75",1,4,0.966824644549763,0.033175355450237,0,0
"971","87.5-131.25","37.5-50","50-75",1,5,0.944186046511628,0.0558139534883721,0,0
"972","87.5-131.25","37.5-50","50-75",1,6,0.926470588235294,0.0735294117647059,0,0
"973","87.5-131.25","37.5-50","50-75",1,7,0.840637450199203,0.159362549800797,0,0
"974","87.5-131.25","37.5-50","50-75",2,1,0.0137614678899083,0.986238532110092,0,0
"975","87.5-131.25","37.5-50","50-75",2,2,0.0414746543778802,0.95852534562212,0,0
"976","87.5-131.25","37.5-50","50-75",2,3,0.0717703349282297,0.92822966507177,0,0
"977","87.5-131.25","37.5-50","50-75",2,4,0.021551724137931,0.978448275862069,0,0
"978","87.5-131.25","37.5-50","50-75",2,5,0.0173160173160173,0.982683982683983,0,0
"979","87.5-131.25","37.5-50","50-75",2,6,0.0210084033613445,0.978991596638655,0,0
"980","87.5-131.25","37.5-50","50-75",2,7,0.00465116279069767,0.995348837209302,0,0
"981","87.5-131.25","37.5-50","50-75",3,1,0,0.0265486725663717,0.960176991150443,0.0132743362831858
"982","87.5-131.25","37.5-50","50-75",3,2,0,0.0135135135135135,0.986486486486487,0
"983","87.5-131.25","37.5-50","50-75",3,3,0,0.0288461538461538,0.971153846153846,0
"984","87.5-131.25","37.5-50","50-75",3,4,0,0.0233644859813084,0.97196261682243,0.00467289719626168
"985","87.5-131.25","37.5-50","50-75",3,5,0,0.0483870967741935,0.94758064516129,0.00403225806451613
"986","87.5-131.25","37.5-50","50-75",3,6,0,0.0288461538461538,0.971153846153846,0
"987","87.5-131.25","37.5-50","50-75",3,7,0,0,0.98780487804878,0.0121951219512195
"988","87.5-131.25","37.5-50","75-100",1,1,0.221153846153846,0.778846153846154,0,0
"989","87.5-131.25","37.5-50","75-100",1,2,0.37799043062201,0.62200956937799,0,0
"990","87.5-131.25","37.5-50","75-100",1,3,0.516483516483517,0.483516483516484,0,0
"991","87.5-131.25","37.5-50","75-100",1,4,0.304932735426009,0.695067264573991,0,0
"992","87.5-131.25","37.5-50","75-100",1,5,0.246808510638298,0.753191489361702,0,0
"993","87.5-131.25","37.5-50","75-100",1,6,0.277777777777778,0.722222222222222,0,0
"994","87.5-131.25","37.5-50","75-100",1,7,0.14572864321608,0.85427135678392,0,0
"995","87.5-131.25","37.5-50","75-100",2,1,0,0.995348837209302,0.00465116279069767,0
"996","87.5-131.25","37.5-50","75-100",2,2,0,1,0,0
"997","87.5-131.25","37.5-50","75-100",2,3,0,1,0,0
"998","87.5-131.25","37.5-50","75-100",2,4,0,1,0,0
"999","87.5-131.25","37.5-50","75-100",2,5,0,1,0,0
"1000","87.5-131.25","37.5-50","75-100",2,6,0,1,0,0
"1001","87.5-131.25","37.5-50","75-100",2,7,0,1,0,0
"1002","87.5-131.25","37.5-50","75-100",3,1,0,0,0.835616438356164,0.164383561643836
"1003","87.5-131.25","37.5-50","75-100",3,2,0,0,0.878504672897196,0.121495327102804
"1004","87.5-131.25","37.5-50","75-100",3,3,0,0,0.937219730941704,0.062780269058296
"1005","87.5-131.25","37.5-50","75-100",3,4,0,0,0.924731182795699,0.0752688172043011
"1006","87.5-131.25","37.5-50","75-100",3,5,0,0,0.916299559471366,0.0837004405286344
"1007","87.5-131.25","37.5-50","75-100",3,6,0,0,0.923076923076923,0.0769230769230769
"1008","87.5-131.25","37.5-50","75-100",3,7,0,0,0.779411764705882,0.220588235294118
"1009","131.25-175","0-12.5","0-25",1,1,1,0,0,0
"1010","131.25-175","0-12.5","0-25",1,2,1,0,0,0
"1011","131.25-175","0-12.5","0-25",1,3,1,0,0,0
"1012","131.25-175","0-12.5","0-25",1,4,1,0,0,0
"1013","131.25-175","0-12.5","0-25",1,5,1,0,0,0
"1014","131.25-175","0-12.5","0-25",1,6,1,0,0,0
"1015","131.25-175","0-12.5","0-25",1,7,1,0,0,0
"1016","131.25-175","0-12.5","0-25",2,1,0.995594713656388,0.00440528634361234,0,0
"1017","131.25-175","0-12.5","0-25",2,2,1,0,0,0
"1018","131.25-175","0-12.5","0-25",2,3,1,0,0,0
"1019","131.25-175","0-12.5","0-25",2,4,0.99537037037037,0.00462962962962963,0,0
"1020","131.25-175","0-12.5","0-25",2,5,1,0,0,0
"1021","131.25-175","0-12.5","0-25",2,6,1,0,0,0
"1022","131.25-175","0-12.5","0-25",2,7,0.990740740740741,0.00925925925925926,0,0
"1023","131.25-175","0-12.5","0-25",3,1,0,0.837719298245614,0.162280701754386,0
"1024","131.25-175","0-12.5","0-25",3,2,0,0.871244635193133,0.128755364806867,0
"1025","131.25-175","0-12.5","0-25",3,3,0,0.864864864864865,0.135135135135135,0
"1026","131.25-175","0-12.5","0-25",3,4,0,0.928888888888889,0.0711111111111111,0
"1027","131.25-175","0-12.5","0-25",3,5,0,0.961206896551724,0.0387931034482759,0
"1028","131.25-175","0-12.5","0-25",3,6,0,0.914027149321267,0.085972850678733,0
"1029","131.25-175","0-12.5","0-25",3,7,0,0.855371900826446,0.144628099173554,0
"1030","131.25-175","0-12.5","25-50",1,1,1,0,0,0
"1031","131.25-175","0-12.5","25-50",1,2,1,0,0,0
"1032","131.25-175","0-12.5","25-50",1,3,1,0,0,0
"1033","131.25-175","0-12.5","25-50",1,4,1,0,0,0
"1034","131.25-175","0-12.5","25-50",1,5,1,0,0,0
"1035","131.25-175","0-12.5","25-50",1,6,1,0,0,0
"1036","131.25-175","0-12.5","25-50",1,7,1,0,0,0
"1037","131.25-175","0-12.5","25-50",2,1,0.621004566210046,0.378995433789954,0,0
"1038","131.25-175","0-12.5","25-50",2,2,0.757575757575758,0.242424242424242,0,0
"1039","131.25-175","0-12.5","25-50",2,3,0.793859649122807,0.206140350877193,0,0
"1040","131.25-175","0-12.5","25-50",2,4,0.702970297029703,0.297029702970297,0,0
"1041","131.25-175","0-12.5","25-50",2,5,0.786729857819905,0.213270142180095,0,0
"1042","131.25-175","0-12.5","25-50",2,6,0.754545454545455,0.245454545454545,0,0
"1043","131.25-175","0-12.5","25-50",2,7,0.548387096774194,0.451612903225806,0,0
"1044","131.25-175","0-12.5","25-50",3,1,0,0.333333333333333,0.666666666666667,0
"1045","131.25-175","0-12.5","25-50",3,2,0,0.330049261083744,0.669950738916256,0
"1046","131.25-175","0-12.5","25-50",3,3,0,0.346613545816733,0.653386454183267,0
"1047","131.25-175","0-12.5","25-50",3,4,0,0.379310344827586,0.620689655172414,0
"1048","131.25-175","0-12.5","25-50",3,5,0,0.4,0.6,0
"1049","131.25-175","0-12.5","25-50",3,6,0,0.425619834710744,0.574380165289256,0
"1050","131.25-175","0-12.5","25-50",3,7,0,0.222826086956522,0.777173913043478,0
"1051","131.25-175","0-12.5","50-75",1,1,0.995305164319249,0.00469483568075117,0,0
"1052","131.25-175","0-12.5","50-75",1,2,0.990909090909091,0.00909090909090909,0,0
"1053","131.25-175","0-12.5","50-75",1,3,1,0,0,0
"1054","131.25-175","0-12.5","50-75",1,4,0.990566037735849,0.00943396226415094,0,0
"1055","131.25-175","0-12.5","50-75",1,5,0.990521327014218,0.00947867298578199,0,0
"1056","131.25-175","0-12.5","50-75",1,6,0.995098039215686,0.00490196078431373,0,0
"1057","131.25-175","0-12.5","50-75",1,7,0.976958525345622,0.0230414746543779,0,0
"1058","131.25-175","0-12.5","50-75",2,1,0.0353982300884956,0.964601769911504,0,0
"1059","131.25-175","0-12.5","50-75",2,2,0.0905349794238683,0.909465020576132,0,0
"1060","131.25-175","0-12.5","50-75",2,3,0.128888888888889,0.871111111111111,0,0
"1061","131.25-175","0-12.5","50-75",2,4,0.0865800865800866,0.913419913419913,0,0
"1062","131.25-175","0-12.5","50-75",2,5,0.0467289719626168,0.953271028037383,0,0
"1063","131.25-175","0-12.5","50-75",2,6,0.0666666666666667,0.933333333333333,0,0
"1064","131.25-175","0-12.5","50-75",2,7,0.025974025974026,0.974025974025974,0,0
"1065","131.25-175","0-12.5","50-75",3,1,0,0.0140845070422535,0.981220657276995,0.00469483568075117
"1066","131.25-175","0-12.5","50-75",3,2,0,0.0406091370558376,0.954314720812183,0.0050761421319797
"1067","131.25-175","0-12.5","50-75",3,3,0,0.0454545454545455,0.954545454545455,0
"1068","131.25-175","0-12.5","50-75",3,4,0,0.028169014084507,0.971830985915493,0
"1069","131.25-175","0-12.5","50-75",3,5,0,0.0174672489082969,0.982532751091703,0
"1070","131.25-175","0-12.5","50-75",3,6,0,0.0336134453781513,0.957983193277311,0.00840336134453781
"1071","131.25-175","0-12.5","50-75",3,7,0,0.0131004366812227,0.978165938864629,0.00873362445414847
"1072","131.25-175","0-12.5","75-100",1,1,0.566137566137566,0.433862433862434,0,0
"1073","131.25-175","0-12.5","75-100",1,2,0.727272727272727,0.272727272727273,0,0
"1074","131.25-175","0-12.5","75-100",1,3,0.817258883248731,0.182741116751269,0,0
"1075","131.25-175","0-12.5","75-100",1,4,0.623188405797101,0.376811594202899,0,0
"1076","131.25-175","0-12.5","75-100",1,5,0.560975609756098,0.439024390243902,0,0
"1077","131.25-175","0-12.5","75-100",1,6,0.518518518518518,0.481481481481481,0,0
"1078","131.25-175","0-12.5","75-100",1,7,0.410377358490566,0.589622641509434,0,0
"1079","131.25-175","0-12.5","75-100",2,1,0,1,0,0
"1080","131.25-175","0-12.5","75-100",2,2,0,1,0,0
"1081","131.25-175","0-12.5","75-100",2,3,0,1,0,0
"1082","131.25-175","0-12.5","75-100",2,4,0,1,0,0
"1083","131.25-175","0-12.5","75-100",2,5,0,1,0,0
"1084","131.25-175","0-12.5","75-100",2,6,0,1,0,0
"1085","131.25-175","0-12.5","75-100",2,7,0,1,0,0
"1086","131.25-175","0-12.5","75-100",3,1,0,0,0.865740740740741,0.134259259259259
"1087","131.25-175","0-12.5","75-100",3,2,0,0,0.885321100917431,0.114678899082569
"1088","131.25-175","0-12.5","75-100",3,3,0,0,0.937799043062201,0.062200956937799
"1089","131.25-175","0-12.5","75-100",3,4,0,0,0.898058252427185,0.101941747572816
"1090","131.25-175","0-12.5","75-100",3,5,0,0,0.929292929292929,0.0707070707070707
"1091","131.25-175","0-12.5","75-100",3,6,0,0,0.930232558139535,0.0697674418604651
"1092","131.25-175","0-12.5","75-100",3,7,0,0,0.797872340425532,0.202127659574468
"1093","131.25-175","12.5-25","0-25",1,1,1,0,0,0
"1094","131.25-175","12.5-25","0-25",1,2,1,0,0,0
"1095","131.25-175","12.5-25","0-25",1,3,1,0,0,0
"1096","131.25-175","12.5-25","0-25",1,4,1,0,0,0
"1097","131.25-175","12.5-25","0-25",1,5,1,0,0,0
"1098","131.25-175","12.5-25","0-25",1,6,1,0,0,0
"1099","131.25-175","12.5-25","0-25",1,7,1,0,0,0
"1100","131.25-175","12.5-25","0-25",2,1,0.989847715736041,0.0101522842639594,0,0
"1101","131.25-175","12.5-25","0-25",2,2,0.982378854625551,0.0176211453744493,0,0
"1102","131.25-175","12.5-25","0-25",2,3,0.987234042553191,0.0127659574468085,0,0
"1103","131.25-175","12.5-25","0-25",2,4,0.995535714285714,0.00446428571428571,0,0
"1104","131.25-175","12.5-25","0-25",2,5,0.99163179916318,0.00836820083682008,0,0
"1105","131.25-175","12.5-25","0-25",2,6,0.981981981981982,0.018018018018018,0,0
"1106","131.25-175","12.5-25","0-25",2,7,0.957983193277311,0.0420168067226891,0,0
"1107","131.25-175","12.5-25","0-25",3,1,0,0.596638655462185,0.403361344537815,0
"1108","131.25-175","12.5-25","0-25",3,2,0,0.627450980392157,0.372549019607843,0
"1109","131.25-175","12.5-25","0-25",3,3,0,0.596774193548387,0.403225806451613,0
"1110","131.25-175","12.5-25","0-25",3,4,0,0.816593886462882,0.183406113537118,0
"1111","131.25-175","12.5-25","0-25",3,5,0,0.754385964912281,0.245614035087719,0
"1112","131.25-175","12.5-25","0-25",3,6,0,0.772321428571429,0.227678571428571,0
"1113","131.25-175","12.5-25","0-25",3,7,0,0.610526315789474,0.389473684210526,0
"1114","131.25-175","12.5-25","25-50",1,1,1,0,0,0
"1115","131.25-175","12.5-25","25-50",1,2,1,0,0,0
"1116","131.25-175","12.5-25","25-50",1,3,1,0,0,0
"1117","131.25-175","12.5-25","25-50",1,4,1,0,0,0
"1118","131.25-175","12.5-25","25-50",1,5,1,0,0,0
"1119","131.25-175","12.5-25","25-50",1,6,1,0,0,0
"1120","131.25-175","12.5-25","25-50",1,7,1,0,0,0
"1121","131.25-175","12.5-25","25-50",2,1,0.412037037037037,0.587962962962963,0,0
"1122","131.25-175","12.5-25","25-50",2,2,0.444444444444444,0.555555555555556,0,0
"1123","131.25-175","12.5-25","25-50",2,3,0.570135746606335,0.429864253393665,0,0
"1124","131.25-175","12.5-25","25-50",2,4,0.477477477477477,0.522522522522523,0,0
"1125","131.25-175","12.5-25","25-50",2,5,0.482758620689655,0.517241379310345,0,0
"1126","131.25-175","12.5-25","25-50",2,6,0.521186440677966,0.478813559322034,0,0
"1127","131.25-175","12.5-25","25-50",2,7,0.307692307692308,0.692307692307692,0,0
"1128","131.25-175","12.5-25","25-50",3,1,0,0.128755364806867,0.871244635193133,0
"1129","131.25-175","12.5-25","25-50",3,2,0,0.114832535885167,0.885167464114832,0
"1130","131.25-175","12.5-25","25-50",3,3,0,0.16,0.84,0
"1131","131.25-175","12.5-25","25-50",3,4,0,0.211453744493392,0.788546255506608,0
"1132","131.25-175","12.5-25","25-50",3,5,0,0.164948453608247,0.835051546391753,0
"1133","131.25-175","12.5-25","25-50",3,6,0,0.175965665236052,0.824034334763948,0
"1134","131.25-175","12.5-25","25-50",3,7,0,0.0625,0.9375,0
"1135","131.25-175","12.5-25","50-75",1,1,0.991902834008097,0.00809716599190283,0,0
"1136","131.25-175","12.5-25","50-75",1,2,0.991341991341991,0.00865800865800866,0,0
"1137","131.25-175","12.5-25","50-75",1,3,1,0,0,0
"1138","131.25-175","12.5-25","50-75",1,4,0.981308411214953,0.0186915887850467,0,0
"1139","131.25-175","12.5-25","50-75",1,5,1,0,0,0
"1140","131.25-175","12.5-25","50-75",1,6,0.986842105263158,0.0131578947368421,0,0
"1141","131.25-175","12.5-25","50-75",1,7,0.953781512605042,0.046218487394958,0,0
"1142","131.25-175","12.5-25","50-75",2,1,0.0256410256410256,0.974358974358974,0,0
"1143","131.25-175","12.5-25","50-75",2,2,0.00873362445414847,0.991266375545852,0,0
"1144","131.25-175","12.5-25","50-75",2,3,0.0346320346320346,0.965367965367965,0,0
"1145","131.25-175","12.5-25","50-75",2,4,0.0133928571428571,0.986607142857143,0,0
"1146","131.25-175","12.5-25","50-75",2,5,0.00766283524904215,0.992337164750958,0,0
"1147","131.25-175","12.5-25","50-75",2,6,0.0210970464135021,0.978902953586498,0,0
"1148","131.25-175","12.5-25","50-75",2,7,0.00836820083682008,0.99163179916318,0,0
"1149","131.25-175","12.5-25","50-75",3,1,0,0,0.9625,0.0375
"1150","131.25-175","12.5-25","50-75",3,2,0,0.00440528634361234,0.982378854625551,0.013215859030837
"1151","131.25-175","12.5-25","50-75",3,3,0,0.00418410041841004,0.98326359832636,0.0125523012552301
"1152","131.25-175","12.5-25","50-75",3,4,0,0,0.985781990521327,0.014218009478673
"1153","131.25-175","12.5-25","50-75",3,5,0,0,0.995433789954338,0.0045662100456621
"1154","131.25-175","12.5-25","50-75",3,6,0,0.00793650793650794,0.984126984126984,0.00793650793650794
"1155","131.25-175","12.5-25","50-75",3,7,0,0,0.944700460829493,0.0552995391705069
"1156","131.25-175","12.5-25","75-100",1,1,0.405982905982906,0.594017094017094,0,0
"1157","131.25-175","12.5-25","75-100",1,2,0.580188679245283,0.419811320754717,0,0
"1158","131.25-175","12.5-25","75-100",1,3,0.68859649122807,0.31140350877193,0,0
"1159","131.25-175","12.5-25","75-100",1,4,0.495192307692308,0.504807692307692,0,0
"1160","131.25-175","12.5-25","75-100",1,5,0.369458128078818,0.630541871921182,0,0
"1161","131.25-175","12.5-25","75-100",1,6,0.405,0.595,0,0
"1162","131.25-175","12.5-25","75-100",1,7,0.283950617283951,0.716049382716049,0,0
"1163","131.25-175","12.5-25","75-100",2,1,0,1,0,0
"1164","131.25-175","12.5-25","75-100",2,2,0,1,0,0
"1165","131.25-175","12.5-25","75-100",2,3,0,1,0,0
"1166","131.25-175","12.5-25","75-100",2,4,0,1,0,0
"1167","131.25-175","12.5-25","75-100",2,5,0,1,0,0
"1168","131.25-175","12.5-25","75-100",2,6,0,1,0,0
"1169","131.25-175","12.5-25","75-100",2,7,0,1,0,0
"1170","131.25-175","12.5-25","75-100",3,1,0,0,0.585253456221198,0.414746543778802
"1171","131.25-175","12.5-25","75-100",3,2,0,0,0.721973094170404,0.278026905829596
"1172","131.25-175","12.5-25","75-100",3,3,0,0,0.788135593220339,0.211864406779661
"1173","131.25-175","12.5-25","75-100",3,4,0,0,0.787128712871287,0.212871287128713
"1174","131.25-175","12.5-25","75-100",3,5,0,0,0.748953974895398,0.251046025104602
"1175","131.25-175","12.5-25","75-100",3,6,0,0,0.716814159292035,0.283185840707965
"1176","131.25-175","12.5-25","75-100",3,7,0,0,0.506666666666667,0.493333333333333
"1177","131.25-175","25-37.5","0-25",1,1,1,0,0,0
"1178","131.25-175","25-37.5","0-25",1,2,1,0,0,0
"1179","131.25-175","25-37.5","0-25",1,3,1,0,0,0
"1180","131.25-175","25-37.5","0-25",1,4,1,0,0,0
"1181","131.25-175","25-37.5","0-25",1,5,1,0,0,0
"1182","131.25-175","25-37.5","0-25",1,6,1,0,0,0
"1183","131.25-175","25-37.5","0-25",1,7,1,0,0,0
"1184","131.25-175","25-37.5","0-25",2,1,0.91588785046729,0.0841121495327103,0,0
"1185","131.25-175","25-37.5","0-25",2,2,0.89119170984456,0.10880829015544,0,0
"1186","131.25-175","25-37.5","0-25",2,3,0.932642487046632,0.0673575129533679,0,0
"1187","131.25-175","25-37.5","0-25",2,4,0.938144329896907,0.0618556701030928,0,0
"1188","131.25-175","25-37.5","0-25",2,5,0.923809523809524,0.0761904761904762,0,0
"1189","131.25-175","25-37.5","0-25",2,6,0.961038961038961,0.038961038961039,0,0
"1190","131.25-175","25-37.5","0-25",2,7,0.91219512195122,0.0878048780487805,0,0
"1191","131.25-175","25-37.5","0-25",3,1,0,0.323404255319149,0.676595744680851,0
"1192","131.25-175","25-37.5","0-25",3,2,0,0.291666666666667,0.708333333333333,0
"1193","131.25-175","25-37.5","0-25",3,3,0,0.376106194690265,0.623893805309734,0
"1194","131.25-175","25-37.5","0-25",3,4,0,0.511520737327189,0.488479262672811,0
"1195","131.25-175","25-37.5","0-25",3,5,0,0.49537037037037,0.50462962962963,0
"1196","131.25-175","25-37.5","0-25",3,6,0,0.457777777777778,0.542222222222222,0
"1197","131.25-175","25-37.5","0-25",3,7,0,0.300492610837438,0.699507389162562,0
"1198","131.25-175","25-37.5","25-50",1,1,1,0,0,0
"1199","131.25-175","25-37.5","25-50",1,2,1,0,0,0
"1200","131.25-175","25-37.5","25-50",1,3,1,0,0,0
"1201","131.25-175","25-37.5","25-50",1,4,1,0,0,0
"1202","131.25-175","25-37.5","25-50",1,5,1,0,0,0
"1203","131.25-175","25-37.5","25-50",1,6,1,0,0,0
"1204","131.25-175","25-37.5","25-50",1,7,1,0,0,0
"1205","131.25-175","25-37.5","25-50",2,1,0.145,0.855,0,0
"1206","131.25-175","25-37.5","25-50",2,2,0.226993865030675,0.773006134969325,0,0
"1207","131.25-175","25-37.5","25-50",2,3,0.257261410788382,0.742738589211618,0,0
"1208","131.25-175","25-37.5","25-50",2,4,0.336363636363636,0.663636363636364,0,0
"1209","131.25-175","25-37.5","25-50",2,5,0.334883720930233,0.665116279069767,0,0
"1210","131.25-175","25-37.5","25-50",2,6,0.298165137614679,0.701834862385321,0,0
"1211","131.25-175","25-37.5","25-50",2,7,0.191709844559585,0.808290155440414,0,0
"1212","131.25-175","25-37.5","25-50",3,1,0,0.00480769230769231,0.995192307692308,0
"1213","131.25-175","25-37.5","25-50",3,2,0,0.0148514851485149,0.985148514851485,0
"1214","131.25-175","25-37.5","25-50",3,3,0,0.0238095238095238,0.976190476190476,0
"1215","131.25-175","25-37.5","25-50",3,4,0,0.0511627906976744,0.948837209302326,0
"1216","131.25-175","25-37.5","25-50",3,5,0,0.0348258706467662,0.965174129353234,0
"1217","131.25-175","25-37.5","25-50",3,6,0,0.0353535353535354,0.964646464646465,0
"1218","131.25-175","25-37.5","25-50",3,7,0,0,1,0
"1219","131.25-175","25-37.5","50-75",1,1,0.946601941747573,0.0533980582524272,0,0
"1220","131.25-175","25-37.5","50-75",1,2,0.97,0.03,0,0
"1221","131.25-175","25-37.5","50-75",1,3,0.994565217391304,0.00543478260869565,0,0
"1222","131.25-175","25-37.5","50-75",1,4,0.953367875647668,0.0466321243523316,0,0
"1223","131.25-175","25-37.5","50-75",1,5,0.939698492462312,0.0603015075376884,0,0
"1224","131.25-175","25-37.5","50-75",1,6,0.95852534562212,0.0414746543778802,0,0
"1225","131.25-175","25-37.5","50-75",1,7,0.904306220095694,0.0956937799043062,0,0
"1226","131.25-175","25-37.5","50-75",2,1,0,1,0,0
"1227","131.25-175","25-37.5","50-75",2,2,0,1,0,0
"1228","131.25-175","25-37.5","50-75",2,3,0.00495049504950495,0.995049504950495,0,0
"1229","131.25-175","25-37.5","50-75",2,4,0.00490196078431373,0.995098039215686,0,0
"1230","131.25-175","25-37.5","50-75",2,5,0.00943396226415094,0.990566037735849,0,0
"1231","131.25-175","25-37.5","50-75",2,6,0.00492610837438424,0.995073891625616,0,0
"1232","131.25-175","25-37.5","50-75",2,7,0,1,0,0
"1233","131.25-175","25-37.5","50-75",3,1,0,0,0.878453038674033,0.121546961325967
"1234","131.25-175","25-37.5","50-75",3,2,0,0,0.910891089108911,0.0891089108910891
"1235","131.25-175","25-37.5","50-75",3,3,0,0,0.928909952606635,0.0710900473933649
"1236","131.25-175","25-37.5","50-75",3,4,0,0,0.947368421052632,0.0526315789473684
"1237","131.25-175","25-37.5","50-75",3,5,0,0,0.946902654867257,0.0530973451327434
"1238","131.25-175","25-37.5","50-75",3,6,0,0,0.940828402366864,0.0591715976331361
"1239","131.25-175","25-37.5","50-75",3,7,0,0,0.822429906542056,0.177570093457944
"1240","131.25-175","25-37.5","75-100",1,1,0.305418719211823,0.694581280788177,0,0
"1241","131.25-175","25-37.5","75-100",1,2,0.424731182795699,0.575268817204301,0,0
"1242","131.25-175","25-37.5","75-100",1,3,0.522388059701492,0.477611940298507,0,0
"1243","131.25-175","25-37.5","75-100",1,4,0.287037037037037,0.712962962962963,0,0
"1244","131.25-175","25-37.5","75-100",1,5,0.290322580645161,0.709677419354839,0,0
"1245","131.25-175","25-37.5","75-100",1,6,0.237569060773481,0.762430939226519,0,0
"1246","131.25-175","25-37.5","75-100",1,7,0.178217821782178,0.821782178217822,0,0
"1247","131.25-175","25-37.5","75-100",2,1,0,1,0,0
"1248","131.25-175","25-37.5","75-100",2,2,0,0.995433789954338,0.0045662100456621,0
"1249","131.25-175","25-37.5","75-100",2,3,0,1,0,0
"1250","131.25-175","25-37.5","75-100",2,4,0,1,0,0
"1251","131.25-175","25-37.5","75-100",2,5,0,1,0,0
"1252","131.25-175","25-37.5","75-100",2,6,0,1,0,0
"1253","131.25-175","25-37.5","75-100",2,7,0,0.989690721649485,0.0103092783505155,0
"1254","131.25-175","25-37.5","75-100",3,1,0,0,0.299065420560748,0.700934579439252
"1255","131.25-175","25-37.5","75-100",3,2,0,0,0.412935323383085,0.587064676616915
"1256","131.25-175","25-37.5","75-100",3,3,0,0,0.476923076923077,0.523076923076923
"1257","131.25-175","25-37.5","75-100",3,4,0,0,0.547619047619048,0.452380952380952
"1258","131.25-175","25-37.5","75-100",3,5,0,0,0.507772020725389,0.492227979274611
"1259","131.25-175","25-37.5","75-100",3,6,0,0,0.463414634146341,0.536585365853659
"1260","131.25-175","25-37.5","75-100",3,7,0,0,0.251162790697674,0.748837209302326
"1261","131.25-175","37.5-50","0-25",1,1,1,0,0,0
"1262","131.25-175","37.5-50","0-25",1,2,1,0,0,0
"1263","131.25-175","37.5-50","0-25",1,3,1,0,0,0
"1264","131.25-175","37.5-50","0-25",1,4,1,0,0,0
"1265","131.25-175","37.5-50","0-25",1,5,1,0,0,0
"1266","131.25-175","37.5-50","0-25",1,6,1,0,0,0
"1267","131.25-175","37.5-50","0-25",1,7,1,0,0,0
"1268","131.25-175","37.5-50","0-25",2,1,0.752100840336134,0.247899159663866,0,0
"1269","131.25-175","37.5-50","0-25",2,2,0.794392523364486,0.205607476635514,0,0
"1270","131.25-175","37.5-50","0-25",2,3,0.848039215686274,0.151960784313725,0,0
"1271","131.25-175","37.5-50","0-25",2,4,0.806603773584906,0.193396226415094,0,0
"1272","131.25-175","37.5-50","0-25",2,5,0.839285714285714,0.160714285714286,0,0
"1273","131.25-175","37.5-50","0-25",2,6,0.873239436619718,0.126760563380282,0,0
"1274","131.25-175","37.5-50","0-25",2,7,0.735930735930736,0.264069264069264,0,0
"1275","131.25-175","37.5-50","0-25",3,1,0,0.127659574468085,0.872340425531915,0
"1276","131.25-175","37.5-50","0-25",3,2,0,0.115555555555556,0.884444444444444,0
"1277","131.25-175","37.5-50","0-25",3,3,0,0.119791666666667,0.880208333333333,0
"1278","131.25-175","37.5-50","0-25",3,4,0,0.327188940092166,0.672811059907834,0
"1279","131.25-175","37.5-50","0-25",3,5,0,0.300395256916996,0.699604743083004,0
"1280","131.25-175","37.5-50","0-25",3,6,0,0.2734375,0.7265625,0
"1281","131.25-175","37.5-50","0-25",3,7,0,0.117924528301887,0.882075471698113,0
"1282","131.25-175","37.5-50","25-50",1,1,1,0,0,0
"1283","131.25-175","37.5-50","25-50",1,2,1,0,0,0
"1284","131.25-175","37.5-50","25-50",1,3,1,0,0,0
"1285","131.25-175","37.5-50","25-50",1,4,1,0,0,0
"1286","131.25-175","37.5-50","25-50",1,5,1,0,0,0
"1287","131.25-175","37.5-50","25-50",1,6,1,0,0,0
"1288","131.25-175","37.5-50","25-50",1,7,1,0,0,0
"1289","131.25-175","37.5-50","25-50",2,1,0.130653266331658,0.869346733668342,0,0
"1290","131.25-175","37.5-50","25-50",2,2,0.089622641509434,0.910377358490566,0,0
"1291","131.25-175","37.5-50","25-50",2,3,0.13716814159292,0.86283185840708,0,0
"1292","131.25-175","37.5-50","25-50",2,4,0.147058823529412,0.852941176470588,0,0
"1293","131.25-175","37.5-50","25-50",2,5,0.163636363636364,0.836363636363636,0,0
"1294","131.25-175","37.5-50","25-50",2,6,0.123893805309735,0.876106194690266,0,0
"1295","131.25-175","37.5-50","25-50",2,7,0.0553191489361702,0.94468085106383,0,0
"1296","131.25-175","37.5-50","25-50",3,1,0,0,0.989304812834225,0.0106951871657754
"1297","131.25-175","37.5-50","25-50",3,2,0,0,0.990610328638498,0.00938967136150235
"1298","131.25-175","37.5-50","25-50",3,3,0,0,0.994897959183674,0.00510204081632653
"1299","131.25-175","37.5-50","25-50",3,4,0,0.00446428571428571,0.995535714285714,0
"1300","131.25-175","37.5-50","25-50",3,5,0,0.004739336492891,0.981042654028436,0.014218009478673
"1301","131.25-175","37.5-50","25-50",3,6,0,0.00483091787439614,0.995169082125604,0
"1302","131.25-175","37.5-50","25-50",3,7,0,0.00448430493273543,0.932735426008969,0.062780269058296
"1303","131.25-175","37.5-50","50-75",1,1,0.885714285714286,0.114285714285714,0,0
"1304","131.25-175","37.5-50","50-75",1,2,0.954545454545455,0.0454545454545455,0,0
"1305","131.25-175","37.5-50","50-75",1,3,0.972850678733032,0.0271493212669683,0,0
"1306","131.25-175","37.5-50","50-75",1,4,0.947089947089947,0.0529100529100529,0,0
"1307","131.25-175","37.5-50","50-75",1,5,0.891213389121339,0.108786610878661,0,0
"1308","131.25-175","37.5-50","50-75",1,6,0.923076923076923,0.0769230769230769,0,0
"1309","131.25-175","37.5-50","50-75",1,7,0.781818181818182,0.218181818181818,0,0
"1310","131.25-175","37.5-50","50-75",2,1,0,1,0,0
"1311","131.25-175","37.5-50","50-75",2,2,0,1,0,0
"1312","131.25-175","37.5-50","50-75",2,3,0,1,0,0
"1313","131.25-175","37.5-50","50-75",2,4,0,1,0,0
"1314","131.25-175","37.5-50","50-75",2,5,0.004149377593361,0.995850622406639,0,0
"1315","131.25-175","37.5-50","50-75",2,6,0,1,0,0
"1316","131.25-175","37.5-50","50-75",2,7,0,1,0,0
"1317","131.25-175","37.5-50","50-75",3,1,0,0,0.665137614678899,0.334862385321101
"1318","131.25-175","37.5-50","50-75",3,2,0,0,0.7,0.3
"1319","131.25-175","37.5-50","50-75",3,3,0,0,0.730964467005076,0.269035532994924
"1320","131.25-175","37.5-50","50-75",3,4,0,0,0.812206572769953,0.187793427230047
"1321","131.25-175","37.5-50","50-75",3,5,0,0,0.777227722772277,0.222772277227723
"1322","131.25-175","37.5-50","50-75",3,6,0,0,0.810679611650485,0.189320388349515
"1323","131.25-175","37.5-50","50-75",3,7,0,0,0.666666666666667,0.333333333333333
"1324","131.25-175","37.5-50","75-100",1,1,0.160804020100503,0.839195979899497,0,0
"1325","131.25-175","37.5-50","75-100",1,2,0.285714285714286,0.714285714285714,0,0
"1326","131.25-175","37.5-50","75-100",1,3,0.482300884955752,0.517699115044248,0,0
"1327","131.25-175","37.5-50","75-100",1,4,0.174129353233831,0.825870646766169,0,0
"1328","131.25-175","37.5-50","75-100",1,5,0.19047619047619,0.80952380952381,0,0
"1329","131.25-175","37.5-50","75-100",1,6,0.171717171717172,0.828282828282828,0,0
"1330","131.25-175","37.5-50","75-100",1,7,0.0938967136150235,0.906103286384977,0,0
"1331","131.25-175","37.5-50","75-100",2,1,0,0.990196078431373,0.00980392156862745,0
"1332","131.25-175","37.5-50","75-100",2,2,0,1,0,0
"1333","131.25-175","37.5-50","75-100",2,3,0,1,0,0
"1334","131.25-175","37.5-50","75-100",2,4,0,1,0,0
"1335","131.25-175","37.5-50","75-100",2,5,0,0.994949494949495,0.00505050505050505,0
"1336","131.25-175","37.5-50","75-100",2,6,0,0.994897959183674,0.00510204081632653,0
"1337","131.25-175","37.5-50","75-100",2,7,0,0.99009900990099,0.0099009900990099,0
"1338","131.25-175","37.5-50","75-100",3,1,0,0,0.129464285714286,0.870535714285714
"1339","131.25-175","37.5-50","75-100",3,2,0,0,0.165178571428571,0.834821428571429
"1340","131.25-175","37.5-50","75-100",3,3,0,0,0.338235294117647,0.661764705882353
"1341","131.25-175","37.5-50","75-100",3,4,0,0,0.253012048192771,0.746987951807229
"1342","131.25-175","37.5-50","75-100",3,5,0,0,0.219626168224299,0.780373831775701
"1343","131.25-175","37.5-50","75-100",3,6,0,0,0.279411764705882,0.720588235294118
"1344","131.25-175","37.5-50","75-100",3,7,0,0,0.0980392156862745,0.901960784313726
